,call_type,latitude,longitude
3,Alarms,37.790319303400004,-122.4231629068
4,Alarms,37.7773277635,-122.39308855969999
5,Alarms,37.7568901706,-122.4222293055
8,Alarms,37.8071199236,-122.41642787209999
45,Alarms,37.782992649099995,-122.3905285286
54,Alarms,37.7543628763,-122.4232160884
66,Alarms,37.790319303400004,-122.4231629068
76,Alarms,37.7469102275,-122.425823813
83,Alarms,37.7799116693,-122.4074744396
84,Alarms,37.7773277635,-122.39308855969999
87,Alarms,37.7469102275,-122.425823813
91,Alarms,37.787764099,-122.4099253284
93,Alarms,37.7842056749,-122.4076127318
106,Alarms,37.7799116693,-122.4074744396
120,Alarms,37.7799116693,-122.4074744396
126,Alarms,37.7841909048,-122.4101194835
137,Alarms,37.7543628763,-122.4232160884
143,Alarms,37.789354072100004,-122.40003235969999
148,Alarms,37.7825474,-122.41224793549999
149,Alarms,37.7872952929,-122.41580612870001
153,Alarms,37.7256933576,-122.45228966049999
178,Alarms,37.8071199236,-122.41642787209999
180,Alarms,37.7825474,-122.41224793549999
190,Alarms,37.7729924696,-122.47615790719999
191,Alarms,37.7842056749,-122.4076127318
193,Alarms,37.7741617053,-122.4891390036
196,Alarms,37.7469102275,-122.425823813
198,Alarms,37.783167663899995,-122.39782549530001
203,Alarms,37.7956912801,-122.4394237183
205,Alarms,37.7912932514,-122.3986146104
221,Alarms,37.7813778206,-122.4331620455
230,Alarms,37.7813778206,-122.4331620455
232,Alarms,37.7956912801,-122.4394237183
244,Alarms,37.788186040700005,-122.4059182162
256,Alarms,37.7872685413,-122.4001889317
257,Alarms,37.782992649099995,-122.3905285286
261,Alarms,37.7912932514,-122.3986146104
263,Alarms,37.7741617053,-122.4891390036
266,Alarms,37.7974647217,-122.4146678321
268,Alarms,37.7536695909,-122.4222784182
277,Alarms,37.7568901706,-122.4222293055
281,Alarms,37.7256933576,-122.45228966049999
286,Alarms,37.7799116693,-122.4074744396
301,Alarms,37.7912932514,-122.3986146104
309,Alarms,37.7699074186,-122.4291108855
339,Alarms,37.7501648383,-122.41283185549999
360,Alarms,37.770103826799996,-122.3910433961
365,Alarms,37.783167663899995,-122.39782549530001
377,Alarms,37.787764099,-122.4099253284
379,Alarms,37.7872952929,-122.41580612870001
398,Alarms,37.7841909048,-122.4101194835
403,Alarms,37.7887066123,-122.3990102076
408,Alarms,37.788186040700005,-122.4059182162
414,Alarms,37.7729924696,-122.47615790719999
439,Alarms,37.7501648383,-122.41283185549999
440,Alarms,37.7501648383,-122.41283185549999
441,Alarms,37.7842056749,-122.4076127318
442,Alarms,37.7887066123,-122.3990102076
445,Alarms,37.7884568414,-122.4018373361
458,Alarms,37.790512680999996,-122.40221671040001
460,Alarms,37.7872952929,-122.41580612870001
470,Alarms,37.7469102275,-122.425823813
478,Alarms,37.7958995298,-122.4377814833
479,Alarms,37.7799116693,-122.4074744396
480,Alarms,37.7872685413,-122.4001889317
498,Alarms,37.7825474,-122.41224793549999
499,Alarms,37.7536695909,-122.4222784182
506,Alarms,37.790512680999996,-122.40221671040001
507,Alarms,37.7729924696,-122.47615790719999
513,Alarms,37.7873040053,-122.39638047790001
515,Alarms,37.7912932514,-122.3986146104
516,Alarms,37.7799116693,-122.4074744396
534,Alarms,37.789354072100004,-122.40003235969999
538,Alarms,37.7912932514,-122.3986146104
545,Alarms,37.7842056749,-122.4076127318
552,Alarms,37.7699074186,-122.4291108855
556,Alarms,37.7887066123,-122.3990102076
562,Alarms,37.7974647217,-122.4146678321
571,Alarms,37.7256933576,-122.45228966049999
581,Alarms,37.7813778206,-122.4331620455
595,Alarms,37.7841909048,-122.4101194835
621,Alarms,37.7872685413,-122.4001889317
647,Alarms,37.7536695909,-122.4222784182
653,Alarms,37.7958995298,-122.4377814833
654,Alarms,37.7773277635,-122.39308855969999
665,Alarms,37.783167663899995,-122.39782549530001
667,Alarms,37.782992649099995,-122.3905285286
675,Alarms,37.790319303400004,-122.4231629068
682,Alarms,37.7873040053,-122.39638047790001
685,Alarms,37.7543628763,-122.4232160884
687,Alarms,37.7699074186,-122.4291108855
695,Alarms,37.7842056749,-122.4076127318
698,Alarms,37.7974647217,-122.4146678321
699,Alarms,37.7813778206,-122.4331620455
700,Alarms,37.7884568414,-122.4018373361
725,Alarms,37.7958995298,-122.4377814833
729,Alarms,37.790512680999996,-122.40221671040001
736,Alarms,37.770103826799996,-122.3910433961
749,Alarms,37.788186040700005,-122.4059182162
754,Alarms,37.7872952929,-122.41580612870001
757,Alarms,37.788186040700005,-122.4059182162
765,Alarms,37.7884568414,-122.4018373361
771,Alarms,37.7956912801,-122.4394237183
772,Alarms,37.7912932514,-122.3986146104
788,Alarms,37.7568901706,-122.4222293055
803,Alarms,37.7873040053,-122.39638047790001
810,Alarms,37.8071199236,-122.41642787209999
817,Alarms,37.7842056749,-122.4076127318
826,Alarms,37.7741617053,-122.4891390036
828,Alarms,37.789354072100004,-122.40003235969999
834,Alarms,37.787764099,-122.4099253284
836,Alarms,37.770103826799996,-122.3910433961
851,Alarms,37.7752362231,-122.41440629479999
869,Alarms,37.7632437604,-122.463106079
873,Alarms,37.7106489932,-122.4124688013
897,Alarms,37.7822906197,-122.4401194563
901,Alarms,37.7833590027,-122.416694944
912,Alarms,37.7825224183,-122.42327443100001
925,Alarms,37.7890011524,-122.4011429398
943,Alarms,37.7822906197,-122.4401194563
956,Alarms,37.760410698499996,-122.4463434725
957,Alarms,37.7857402819,-122.4138042679
973,Alarms,37.778639592,-122.41012084100001
982,Alarms,37.7632437604,-122.463106079
992,Alarms,37.778639592,-122.41012084100001
1011,Alarms,37.7828450345,-122.4132217667
1014,Alarms,37.7753725574,-122.48432420799999
1036,Alarms,37.7890011524,-122.4011429398
1112,Alarms,37.7752362231,-122.41440629479999
1125,Alarms,37.7728829828,-122.39227179209999
1137,Alarms,37.7833590027,-122.416694944
1162,Alarms,37.8222647104,-122.3680441341
1169,Alarms,37.7842816169,-122.40461464719999
1171,Alarms,37.7190118677,-122.48045074950001
1175,Alarms,37.7679576263,-122.40374766149999
1186,Alarms,37.7358508297,-122.5030619598
1194,Alarms,37.7918853863,-122.3933412235
1199,Alarms,37.7801242878,-122.44589358120001
1202,Alarms,37.777083464200004,-122.4169793264
1203,Alarms,37.8222647104,-122.3680441341
1220,Alarms,37.7825224183,-122.42327443100001
1227,Alarms,37.7728829828,-122.39227179209999
1242,Alarms,37.7728829828,-122.39227179209999
1249,Alarms,37.778639592,-122.41012084100001
1277,Alarms,37.7752362231,-122.41440629479999
1286,Alarms,37.7857402819,-122.4138042679
1293,Alarms,37.7675044596,-122.4289485676
1301,Alarms,37.7918853863,-122.3933412235
1304,Alarms,37.7857402819,-122.4138042679
1308,Alarms,37.7133177844,-122.4728758613
1314,Alarms,37.760410698499996,-122.4463434725
1318,Alarms,37.7886352752,-122.4169903426
1323,Alarms,37.7828450345,-122.4132217667
1330,Alarms,37.7679576263,-122.40374766149999
1333,Alarms,37.7833590027,-122.416694944
1343,Alarms,37.777083464200004,-122.4169793264
1365,Alarms,37.8054460529,-122.4228419094
1372,Alarms,37.7753725574,-122.48432420799999
1375,Alarms,37.7842816169,-122.40461464719999
1376,Alarms,37.7753725574,-122.48432420799999
1377,Alarms,37.7106489932,-122.4124688013
1385,Alarms,37.7675044596,-122.4289485676
1400,Alarms,37.7825569563,-122.4163494282
1409,Alarms,37.7190118677,-122.48045074950001
1411,Alarms,37.7801242878,-122.44589358120001
1421,Alarms,37.7753725574,-122.48432420799999
1436,Alarms,37.7822906197,-122.4401194563
1456,Alarms,37.7886352752,-122.4169903426
1459,Alarms,37.7106489932,-122.4124688013
1462,Alarms,37.7918853863,-122.3933412235
1474,Alarms,37.7738827775,-122.4427281702
1480,Alarms,37.7886352752,-122.4169903426
1486,Alarms,37.7679576263,-122.40374766149999
1500,Alarms,37.7133177844,-122.4728758613
1509,Alarms,37.7842816169,-122.40461464719999
1511,Alarms,37.7358508297,-122.5030619598
1515,Alarms,37.7828450345,-122.4132217667
1548,Alarms,37.7358508297,-122.5030619598
1561,Alarms,37.7738827775,-122.4427281702
1571,Alarms,37.7106489932,-122.4124688013
1574,Alarms,37.7890011524,-122.4011429398
1578,Alarms,37.7190118677,-122.48045074950001
1589,Alarms,37.7133177844,-122.4728758613
1604,Alarms,37.8054460529,-122.4228419094
1607,Alarms,37.8222647104,-122.3680441341
1618,Alarms,37.7738827775,-122.4427281702
1619,Alarms,37.7825569563,-122.4163494282
1638,Alarms,37.7801242878,-122.44589358120001
1639,Alarms,37.7825569563,-122.4163494282
1648,Alarms,37.760410698499996,-122.4463434725
1650,Alarms,37.7632437604,-122.463106079
1653,Alarms,37.777083464200004,-122.4169793264
1658,Alarms,37.7675044596,-122.4289485676
1670,Alarms,37.8054460529,-122.4228419094
1683,Alarms,37.7738827775,-122.4427281702
1684,Alarms,37.7825224183,-122.42327443100001
1701,Alarms,37.7834768404,-122.4124351407
1702,Alarms,37.7868117506,-122.40284972020001
1710,Alarms,37.7869521631,-122.44107182280001
1719,Alarms,37.710155602600004,-122.412604289
1721,Alarms,37.769637599999996,-122.4376111774
1734,Alarms,37.7791674219,-122.40634642559999
1735,Alarms,37.7617420538,-122.4484553609
1738,Alarms,37.7511571597,-122.44396837149999
1750,Alarms,37.7869521631,-122.44107182280001
1753,Alarms,37.7497020111,-122.4204993342
1754,Alarms,37.7474217897,-122.4248810747
1762,Alarms,37.7700629447,-122.45024394049999
1771,Alarms,37.7813778206,-122.4331620455
1796,Alarms,37.719145679099995,-122.44563492110001
1803,Alarms,37.73673251,-122.3805665589
1805,Alarms,37.717513468,-122.4805945745
1812,Alarms,37.7236442721,-122.4545988592
1829,Alarms,37.7834768404,-122.4124351407
1838,Alarms,37.787764099,-122.4099253284
1842,Alarms,37.7592202976,-122.4633116072
1849,Alarms,37.7497020111,-122.4204993342
1854,Alarms,37.7791674219,-122.40634642559999
1861,Alarms,37.7897614265,-122.4048143711
1866,Alarms,37.747999680999996,-122.42082186489999
1871,Alarms,37.7143348137,-122.4920478717
1876,Alarms,37.7791674219,-122.40634642559999
1877,Alarms,37.7155450528,-122.47362991969999
1880,Alarms,37.7868117506,-122.40284972020001
1884,Alarms,37.787764099,-122.4099253284
1885,Alarms,37.7897614265,-122.4048143711
1894,Alarms,37.7700629447,-122.45024394049999
1902,Alarms,37.7806691632,-122.4016780456
1914,Alarms,37.7806691632,-122.4016780456
1915,Alarms,37.7813778206,-122.4331620455
1923,Alarms,37.763968606700004,-122.4241482517
1926,Alarms,37.769637599999996,-122.4376111774
1932,Alarms,37.747999680999996,-122.42082186489999
1939,Alarms,37.787764099,-122.4099253284
1946,Alarms,37.7791674219,-122.40634642559999
1952,Alarms,37.7143348137,-122.4920478717
1954,Alarms,37.7592202976,-122.4633116072
1966,Alarms,37.719145679099995,-122.44563492110001
1969,Alarms,37.7236442721,-122.4545988592
1970,Alarms,37.7834768404,-122.4124351407
2013,Alarms,37.717513468,-122.4805945745
2020,Alarms,37.763968606700004,-122.4241482517
2031,Alarms,37.7806691632,-122.4016780456
2034,Alarms,37.7834768404,-122.4124351407
2072,Alarms,37.7617420538,-122.4484553609
2078,Alarms,37.7155450528,-122.47362991969999
2082,Alarms,37.7474217897,-122.4248810747
2083,Alarms,37.7511571597,-122.44396837149999
2092,Alarms,37.719145679099995,-122.44563492110001
2094,Alarms,37.774534487800004,-122.4821837717
2106,Alarms,37.710155602600004,-122.412604289
2121,Alarms,37.7693772648,-122.4295114291
2135,Alarms,37.7897614265,-122.4048143711
2142,Alarms,37.7143348137,-122.4920478717
2160,Alarms,37.7834768404,-122.4124351407
2163,Alarms,37.7877559111,-122.39070075389999
2164,Alarms,37.7474217897,-122.4248810747
2172,Alarms,37.7897614265,-122.4048143711
2178,Alarms,37.774534487800004,-122.4821837717
2188,Alarms,37.7791674219,-122.40634642559999
2192,Alarms,37.7813778206,-122.4331620455
2234,Alarms,37.7497020111,-122.4204993342
2237,Alarms,37.7848690868,-122.4650907616
2249,Alarms,37.7155450528,-122.47362991969999
2259,Alarms,37.763968606700004,-122.4241482517
2275,Alarms,37.710155602600004,-122.412604289
2282,Alarms,37.774534487800004,-122.4821837717
2284,Alarms,37.769637599999996,-122.4376111774
2285,Alarms,37.7791674219,-122.40634642559999
2289,Alarms,37.7865888591,-122.4016922926
2317,Alarms,37.7617420538,-122.4484553609
2335,Alarms,37.7511571597,-122.44396837149999
2339,Alarms,37.7834768404,-122.4124351407
2343,Alarms,37.7869521631,-122.44107182280001
2344,Alarms,37.73673251,-122.3805665589
2359,Alarms,37.7236442721,-122.4545988592
2372,Alarms,37.747999680999996,-122.42082186489999
2375,Alarms,37.7592202976,-122.4633116072
2391,Alarms,37.7896024889,-122.3974711898
2402,Alarms,37.7848690868,-122.4650907616
2410,Alarms,37.7848690868,-122.4650907616
2418,Alarms,37.7812876871,-122.4113180554
2423,Alarms,37.7693772648,-122.4295114291
2432,Alarms,37.7700629447,-122.45024394049999
2433,Alarms,37.7877559111,-122.39070075389999
2441,Alarms,37.7693772648,-122.4295114291
2444,Alarms,37.7812876871,-122.4113180554
2447,Alarms,37.7865888591,-122.4016922926
2466,Alarms,37.7155450528,-122.47362991969999
2481,Alarms,37.717513468,-122.4805945745
2486,Alarms,37.7896024889,-122.3974711898
2488,Alarms,37.7896024889,-122.3974711898
2491,Alarms,37.7865888591,-122.4016922926
2496,Alarms,37.7868117506,-122.40284972020001
2501,Alarms,37.7877559111,-122.39070075389999
2508,Alarms,37.73673251,-122.3805665589
2515,Alarms,37.7812876871,-122.4113180554
2527,Alarms,37.7897614265,-122.4048143711
2529,Alarms,37.7951006528,-122.40484784790002
2582,Alarms,37.7565080013,-122.4065410143
2585,Alarms,37.7829534931,-122.41324374870001
2588,Alarms,37.7940071082,-122.433249659
2606,Alarms,37.7705590121,-122.41794958530001
2633,Alarms,37.7669871098,-122.4278571675
2648,Alarms,37.7951006528,-122.40484784790002
2650,Alarms,37.7738617772,-122.413045972
2652,Alarms,37.8054225879,-122.4259588992
2657,Alarms,37.7565080013,-122.4065410143
2660,Alarms,37.776852457800004,-122.41945501209999
2675,Alarms,37.7705590121,-122.41794958530001
2693,Alarms,37.7829534931,-122.41324374870001
2710,Alarms,37.7988360851,-122.4062732495
2717,Alarms,37.7551739408,-122.4766223732
2725,Alarms,37.7165061781,-122.3904177674
2738,Alarms,37.7165061781,-122.3904177674
2743,Alarms,37.789836825900004,-122.40334454479999
2745,Alarms,37.7479586316,-122.4674180088
2763,Alarms,37.7669871098,-122.4278571675
2776,Alarms,37.7738617772,-122.413045972
2785,Alarms,37.7344812749,-122.391912067
2787,Alarms,37.7344812749,-122.391912067
2789,Alarms,37.8054225879,-122.4259588992
2811,Alarms,37.7649777859,-122.46644563790001
2815,Alarms,37.776852457800004,-122.41945501209999
2833,Alarms,37.7938853057,-122.4128518274
2838,Alarms,37.7344812749,-122.391912067
2841,Alarms,37.805391239,-122.4448002008
2845,Alarms,37.7271372788,-122.3789689714
2863,Alarms,37.7649777859,-122.46644563790001
2891,Alarms,37.7671242263,-122.3976400373
2894,Alarms,37.7982454589,-122.4357936593
2895,Alarms,37.7671242263,-122.3976400373
2896,Alarms,37.7551739408,-122.4766223732
2920,Alarms,37.7165061781,-122.3904177674
2921,Alarms,37.7479586316,-122.4674180088
2931,Alarms,37.768462245900004,-122.4312048785
2941,Alarms,37.7982454589,-122.4357936593
2944,Alarms,37.7940071082,-122.433249659
2955,Alarms,37.7705590121,-122.41794958530001
2961,Alarms,37.776852457800004,-122.41945501209999
2969,Alarms,37.7649777859,-122.46644563790001
2971,Alarms,37.768462245900004,-122.4312048785
2974,Alarms,37.7479586316,-122.4674180088
2980,Alarms,37.7669871098,-122.4278571675
2984,Alarms,37.7565080013,-122.4065410143
2988,Alarms,37.7938853057,-122.4128518274
3000,Alarms,37.7551739408,-122.4766223732
3002,Alarms,37.789836825900004,-122.40334454479999
3006,Alarms,37.7988360851,-122.4062732495
3015,Alarms,37.7356359706,-122.41846588969999
3020,Alarms,37.789836825900004,-122.40334454479999
3030,Alarms,37.7940071082,-122.433249659
3037,Alarms,37.7951006528,-122.40484784790002
3038,Alarms,37.7940071082,-122.433249659
3074,Alarms,37.7940071082,-122.433249659
3081,Alarms,37.805391239,-122.4448002008
3090,Alarms,37.7271372788,-122.3789689714
3094,Alarms,37.7938853057,-122.4128518274
3108,Alarms,37.7356359706,-122.41846588969999
3130,Alarms,37.7829534931,-122.41324374870001
3147,Alarms,37.7738617772,-122.413045972
3171,Alarms,37.8054225879,-122.4259588992
3178,Alarms,37.7271372788,-122.3789689714
3182,Alarms,37.768462245900004,-122.4312048785
3197,Alarms,37.805391239,-122.4448002008
3199,Alarms,37.7649777859,-122.46644563790001
3221,Alarms,37.7940071082,-122.433249659
3236,Alarms,37.7356359706,-122.41846588969999
3248,Alarms,37.7671242263,-122.3976400373
3254,Alarms,37.7271372788,-122.3789689714
3264,Alarms,37.7982454589,-122.4357936593
3269,Alarms,37.7988360851,-122.4062732495
3296,Alarms,37.7831634271,-122.4115992789
3321,Alarms,37.782448498200004,-122.41632744180001
3326,Alarms,37.7788798213,-122.43356996360001
3327,Alarms,37.718722285700004,-122.389118325
3338,Alarms,37.7878246694,-122.3970324365
3339,Alarms,37.7834768404,-122.4124351407
3340,Alarms,37.7851111082,-122.4145920383
3343,Alarms,37.784091036199996,-122.41178436950001
3362,Alarms,37.7870654664,-122.4131598167
3365,Alarms,37.805391239,-122.4448002008
3373,Alarms,37.7921242439,-122.42352828959999
3383,Alarms,37.7570337297,-122.476758437
3390,Alarms,37.7918843298,-122.409983572
3392,Alarms,37.7870654664,-122.4131598167
3397,Alarms,37.7980228452,-122.4058632126
3408,Alarms,37.7570337297,-122.476758437
3413,Alarms,37.7688930096,-122.42438060559999
3414,Alarms,37.805391239,-122.4448002008
3418,Alarms,37.786973316,-122.425845943
3422,Alarms,37.7921242439,-122.42352828959999
3427,Alarms,37.784807388699996,-122.4136154383
3428,Alarms,37.7851111082,-122.4145920383
3430,Alarms,37.784091036199996,-122.41178436950001
3435,Alarms,37.7454374721,-122.4368460103
3458,Alarms,37.782448498200004,-122.41632744180001
3463,Alarms,37.7921242439,-122.42352828959999
3476,Alarms,37.783260386100004,-122.4183661542
3490,Alarms,37.786973316,-122.425845943
3491,Alarms,37.786566734299996,-122.4072283818
3496,Alarms,37.7753529597,-122.42934454450001
3497,Alarms,37.7834768404,-122.4124351407
3506,Alarms,37.7980228452,-122.4058632126
3515,Alarms,37.805391239,-122.4448002008
3520,Alarms,37.7831634271,-122.4115992789
3526,Alarms,37.7831634271,-122.4115992789
3532,Alarms,37.7454374721,-122.4368460103
3538,Alarms,37.783260386100004,-122.4183661542
3561,Alarms,37.7688930096,-122.42438060559999
3563,Alarms,37.7454374721,-122.4368460103
3565,Alarms,37.783167663899995,-122.39782549530001
3580,Alarms,37.7788798213,-122.43356996360001
3582,Alarms,37.7788798213,-122.43356996360001
3583,Alarms,37.7783718576,-122.4342408374
3589,Alarms,37.7459562954,-122.4542399076
3594,Alarms,37.7783718576,-122.4342408374
3602,Alarms,37.7911188031,-122.4167580058
3603,Alarms,37.784807388699996,-122.4136154383
3607,Alarms,37.7831634271,-122.4115992789
3619,Alarms,37.784091036199996,-122.41178436950001
3622,Alarms,37.782448498200004,-122.41632744180001
3623,Alarms,37.783167663899995,-122.39782549530001
3627,Alarms,37.7878246694,-122.3970324365
3649,Alarms,37.7834768404,-122.4124351407
3678,Alarms,37.783167663899995,-122.39782549530001
3689,Alarms,37.7980228452,-122.4058632126
3696,Alarms,37.784807388699996,-122.4136154383
3707,Alarms,37.7921242439,-122.42352828959999
3717,Alarms,37.7817609081,-122.415105135
3723,Alarms,37.783260386100004,-122.4183661542
3753,Alarms,37.7878246694,-122.3970324365
3778,Alarms,37.718722285700004,-122.389118325
3780,Alarms,37.7459562954,-122.4542399076
3788,Alarms,37.7817609081,-122.415105135
3807,Alarms,37.7632907519,-122.46203463719999
3816,Alarms,37.7831634271,-122.4115992789
3829,Alarms,37.7911188031,-122.4167580058
3849,Alarms,37.7632907519,-122.46203463719999
3850,Alarms,37.7851111082,-122.4145920383
3872,Alarms,37.718722285700004,-122.389118325
3878,Alarms,37.7753529597,-122.42934454450001
3883,Alarms,37.7911188031,-122.4167580058
3899,Alarms,37.7783718576,-122.4342408374
3922,Alarms,37.7870654664,-122.4131598167
3934,Alarms,37.7688930096,-122.42438060559999
3936,Alarms,37.7783718576,-122.4342408374
3938,Alarms,37.7570337297,-122.476758437
3946,Alarms,37.7817609081,-122.415105135
3957,Alarms,37.7921242439,-122.42352828959999
3971,Alarms,37.784091036199996,-122.41178436950001
3983,Alarms,37.7788798213,-122.43356996360001
4016,Alarms,37.786566734299996,-122.4072283818
4022,Alarms,37.7918843298,-122.409983572
4068,Alarms,37.7459562954,-122.4542399076
4085,Alarms,37.7831634271,-122.4115992789
4107,Alarms,37.7921242439,-122.42352828959999
4127,Alarms,37.7753529597,-122.42934454450001
4128,Alarms,37.7632907519,-122.46203463719999
4134,Alarms,37.7831634271,-122.4115992789
4135,Alarms,37.7753529597,-122.42934454450001
4154,Alarms,37.786973316,-122.425845943
4172,Alarms,37.786566734299996,-122.4072283818
4176,Alarms,37.7918843298,-122.409983572
4187,Alarms,37.7940625557,-122.4083227882
4200,Alarms,37.771114344299995,-122.39036821260001
4210,Alarms,37.7862684417,-122.41299723590001
4213,Alarms,37.771114344299995,-122.39036821260001
4215,Alarms,37.771114344299995,-122.39036821260001
4220,Alarms,37.798713995199996,-122.4096183311
4225,Alarms,37.7862684417,-122.41299723590001
4232,Alarms,37.7950840598,-122.4073868893
4237,Alarms,37.7919873998,-122.3977335533
4238,Alarms,37.8044382972,-122.41160547610001
4240,Alarms,37.7823404681,-122.4037719167
4241,Alarms,37.783838518,-122.41377551209999
4265,Alarms,37.7495954457,-122.39967876809999
4272,Alarms,37.7301394309,-122.43226889440001
4276,Alarms,37.768462245900004,-122.4312048785
4281,Alarms,37.8029850566,-122.4122222317
4283,Alarms,37.7733723701,-122.4434015735
4321,Alarms,37.7733933056,-122.43911438549999
4328,Alarms,37.770198458,-122.38957826549999
4347,Alarms,37.8029850566,-122.4122222317
4353,Alarms,37.7950840598,-122.4073868893
4360,Alarms,37.771114344299995,-122.39036821260001
4371,Alarms,37.7919873998,-122.3977335533
4379,Alarms,37.7709133373,-122.4203049943
4400,Alarms,37.768462245900004,-122.4312048785
4404,Alarms,37.7668213317,-122.428814858
4408,Alarms,37.770198458,-122.38957826549999
4409,Alarms,37.7764944809,-122.4113591384
4416,Alarms,37.7473004189,-122.4269378978
4419,Alarms,37.7862684417,-122.41299723590001
4429,Alarms,37.7495954457,-122.39967876809999
4433,Alarms,37.7862684417,-122.41299723590001
4447,Alarms,37.7709133373,-122.4203049943
4449,Alarms,37.798713995199996,-122.4096183311
4470,Alarms,37.7826355124,-122.4148628273
4479,Alarms,37.7495118728,-122.4236845602
4488,Alarms,37.767244221,-122.5102257491
4491,Alarms,37.783838518,-122.41377551209999
4506,Alarms,37.7303132169,-122.4862054383
4521,Alarms,37.8029850566,-122.4122222317
4528,Alarms,37.7733723701,-122.4434015735
4537,Alarms,37.7826355124,-122.4148628273
4541,Alarms,37.7940625557,-122.4083227882
4550,Alarms,37.793716564200004,-122.43227948030001
4565,Alarms,37.7826355124,-122.4148628273
4568,Alarms,37.768462245900004,-122.4312048785
4570,Alarms,37.771114344299995,-122.39036821260001
4588,Alarms,37.7303132169,-122.4862054383
4610,Alarms,37.8044382972,-122.41160547610001
4629,Alarms,37.7945675421,-122.4074578085
4632,Alarms,37.7839808801,-122.42019700549999
4641,Alarms,37.793716564200004,-122.43227948030001
4649,Alarms,37.770198458,-122.38957826549999
4657,Alarms,37.798713995199996,-122.4096183311
4669,Alarms,37.783838518,-122.41377551209999
4671,Alarms,37.8044382972,-122.41160547610001
4673,Alarms,37.7668213317,-122.428814858
4676,Alarms,37.7826355124,-122.4148628273
4677,Alarms,37.7301394309,-122.43226889440001
4692,Alarms,37.7823404681,-122.4037719167
4702,Alarms,37.7764944809,-122.4113591384
4707,Alarms,37.767244221,-122.5102257491
4726,Alarms,37.7668213317,-122.428814858
4728,Alarms,37.7839808801,-122.42019700549999
4740,Alarms,37.7709133373,-122.4203049943
4785,Alarms,37.7823404681,-122.4037719167
4797,Alarms,37.771114344299995,-122.39036821260001
4798,Alarms,37.7733933056,-122.43911438549999
4804,Alarms,37.7495118728,-122.4236845602
4815,Alarms,37.7950840598,-122.4073868893
4821,Alarms,37.8029850566,-122.4122222317
4839,Alarms,37.7495118728,-122.4236845602
4840,Alarms,37.7940625557,-122.4083227882
4850,Alarms,37.7945675421,-122.4074578085
4860,Alarms,37.7301394309,-122.43226889440001
4920,Alarms,37.7733933056,-122.43911438549999
4921,Alarms,37.783838518,-122.41377551209999
4925,Alarms,37.7950840598,-122.4073868893
4933,Alarms,37.7764944809,-122.4113591384
4940,Alarms,37.7945675421,-122.4074578085
4945,Alarms,37.7862684417,-122.41299723590001
4951,Alarms,37.7495954457,-122.39967876809999
4952,Alarms,37.7919873998,-122.3977335533
4954,Alarms,37.7839808801,-122.42019700549999
4961,Alarms,37.793716564200004,-122.43227948030001
4963,Alarms,37.7303132169,-122.4862054383
4978,Alarms,37.8029850566,-122.4122222317
4997,Alarms,37.7473004189,-122.4269378978
4999,Alarms,37.7862684417,-122.41299723590001
5012,Alarms,37.8029850566,-122.4122222317
5018,Alarms,37.7733723701,-122.4434015735
5023,Alarms,37.767244221,-122.5102257491
5039,Alarms,37.7473004189,-122.4269378978
5057,Alarms,37.7780365108,-122.4154291009
5061,Alarms,37.7121495088,-122.4171412257
5062,Alarms,37.7841909048,-122.4101194835
5064,Alarms,37.7864795346,-122.404724351
5068,Alarms,37.770787682199995,-122.4004625668
5076,Alarms,37.783310406700004,-122.38837987389999
5082,Alarms,37.7787978873,-122.42252070219999
5100,Alarms,37.7567570919,-122.4830288757
5102,Alarms,37.7864795346,-122.404724351
5106,Alarms,37.770787682199995,-122.4004625668
5124,Alarms,37.770787682199995,-122.4004625668
5134,Alarms,37.718722285700004,-122.389118325
5140,Alarms,37.770787682199995,-122.4004625668
5153,Alarms,37.797178599,-122.4101445636
5159,Alarms,37.783310406700004,-122.38837987389999
5163,Alarms,37.783310406700004,-122.38837987389999
5167,Alarms,37.7223883271,-122.42778194809999
5189,Alarms,37.798713995199996,-122.4096183311
5198,Alarms,37.7880205485,-122.42606156129999
5199,Alarms,37.798713995199996,-122.4096183311
5200,Alarms,37.718722285700004,-122.389118325
5207,Alarms,37.7639379044,-122.3942141301
5208,Alarms,37.76410441,-122.4218779741
5235,Alarms,37.7841909048,-122.4101194835
5236,Alarms,37.7639379044,-122.3942141301
5243,Alarms,37.770787682199995,-122.4004625668
5285,Alarms,37.7223883271,-122.42778194809999
5290,Alarms,37.7649491078,-122.4432024674
5299,Alarms,37.7938033883,-122.43904172129999
5304,Alarms,37.7880205485,-122.42606156129999
5307,Alarms,37.7567570919,-122.4830288757
5310,Alarms,37.797178599,-122.4101445636
5312,Alarms,37.7938033883,-122.43904172129999
5313,Alarms,37.7841909048,-122.4101194835
5318,Alarms,37.7733890023,-122.41364500280001
5323,Alarms,37.723805207699996,-122.4733271322
5325,Alarms,37.7796475431,-122.41138596260001
5334,Alarms,37.7986237777,-122.46063469020001
5341,Alarms,37.7839429146,-122.4129523625
5342,Alarms,37.7733890023,-122.41364500280001
5357,Alarms,37.7639379044,-122.3942141301
5359,Alarms,37.7863072236,-122.4052948452
5380,Alarms,37.789580382800004,-122.4128911568
5384,Alarms,37.7121495088,-122.4171412257
5396,Alarms,37.783789296900004,-122.4092663073
5409,Alarms,37.7826425027,-122.4078326793
5414,Alarms,37.7986237777,-122.46063469020001
5428,Alarms,37.7863072236,-122.4052948452
5434,Alarms,37.783789296900004,-122.4092663073
5447,Alarms,37.7787978873,-122.42252070219999
5458,Alarms,37.7839429146,-122.4129523625
5467,Alarms,37.76410441,-122.4218779741
5470,Alarms,37.7614131281,-122.42722053370001
5480,Alarms,37.7938033883,-122.43904172129999
5493,Alarms,37.7839429146,-122.4129523625
5517,Alarms,37.7567570919,-122.4830288757
5519,Alarms,37.789580382800004,-122.4128911568
5523,Alarms,37.7649491078,-122.4432024674
5531,Alarms,37.723805207699996,-122.4733271322
5564,Alarms,37.7614131281,-122.42722053370001
5576,Alarms,37.7826425027,-122.4078326793
5581,Alarms,37.756857058,-122.40850627110001
5591,Alarms,37.786912692399994,-122.4097562235
5595,Alarms,37.7880205485,-122.42606156129999
5600,Alarms,37.798713995199996,-122.4096183311
5603,Alarms,37.783263687,-122.4070511905
5611,Alarms,37.7787978873,-122.42252070219999
5612,Alarms,37.7780365108,-122.4154291009
5620,Alarms,37.783263687,-122.4070511905
5625,Alarms,37.76410441,-122.4218779741
5638,Alarms,37.756857058,-122.40850627110001
5657,Alarms,37.7733890023,-122.41364500280001
5661,Alarms,37.789580382800004,-122.4128911568
5664,Alarms,37.723805207699996,-122.4733271322
5666,Alarms,37.783789296900004,-122.4092663073
5674,Alarms,37.7796475431,-122.41138596260001
5675,Alarms,37.770787682199995,-122.4004625668
5677,Alarms,37.7826425027,-122.4078326793
5683,Alarms,37.7796475431,-122.41138596260001
5686,Alarms,37.718722285700004,-122.389118325
5687,Alarms,37.7614131281,-122.42722053370001
5689,Alarms,37.7649491078,-122.4432024674
5690,Alarms,37.756857058,-122.40850627110001
5691,Alarms,37.797178599,-122.4101445636
5710,Alarms,37.7986237777,-122.46063469020001
5729,Alarms,37.7863072236,-122.4052948452
5736,Alarms,37.7121495088,-122.4171412257
5743,Alarms,37.7938033883,-122.43904172129999
5745,Alarms,37.786912692399994,-122.4097562235
5759,Alarms,37.7223883271,-122.42778194809999
5760,Alarms,37.7986237777,-122.46063469020001
5773,Alarms,37.783263687,-122.4070511905
5805,Alarms,37.797178599,-122.4101445636
5813,Alarms,37.797178599,-122.4101445636
5826,Alarms,37.7780365108,-122.4154291009
5843,Alarms,37.7864795346,-122.404724351
5852,Alarms,37.786912692399994,-122.4097562235
5884,Alarms,37.7767190508,-122.458611722
5898,Alarms,37.7806168447,-122.4165622543
5902,Alarms,37.784091036199996,-122.41178436950001
5927,Alarms,37.7806168447,-122.4165622543
5939,Alarms,37.7446252316,-122.4103456013
5950,Alarms,37.779619239,-122.4310815684
5951,Alarms,37.7806168447,-122.4165622543
5956,Alarms,37.784091036199996,-122.41178436950001
5961,Alarms,37.7767190508,-122.458611722
5965,Alarms,37.745566707100004,-122.4511557278
5970,Alarms,37.784091036199996,-122.41178436950001
5978,Alarms,37.7218642112,-122.4429940702
5982,Alarms,37.779619239,-122.4310815684
5989,Alarms,37.7379604483,-122.44632163840001
5999,Alarms,37.7734664897,-122.4135469042
6043,Alarms,37.7107646901,-122.39079280520001
6059,Alarms,37.7734664897,-122.4135469042
6063,Alarms,37.7358508297,-122.5030619598
6077,Alarms,37.783789296900004,-122.4092663073
6079,Alarms,37.7925624699,-122.44048841450001
6106,Alarms,37.778154438499996,-122.446874815
6139,Alarms,37.718722285700004,-122.389118325
6156,Alarms,37.7107646901,-122.39079280520001
6173,Alarms,37.718722285700004,-122.389118325
6193,Alarms,37.785685802399996,-122.4213933078
6206,Alarms,37.785685802399996,-122.4213933078
6210,Alarms,37.779619239,-122.4310815684
6211,Alarms,37.7969760062,-122.4036809153
6232,Alarms,37.778154438499996,-122.446874815
6240,Alarms,37.7914675529,-122.4132730801
6245,Alarms,37.7914675529,-122.4132730801
6258,Alarms,37.7734664897,-122.4135469042
6261,Alarms,37.7969760062,-122.4036809153
6272,Alarms,37.7379604483,-122.44632163840001
6276,Alarms,37.7218642112,-122.4429940702
6281,Alarms,37.7107646901,-122.39079280520001
6312,Alarms,37.783789296900004,-122.4092663073
6319,Alarms,37.7969760062,-122.4036809153
6328,Alarms,37.7446252316,-122.4103456013
6344,Alarms,37.7358508297,-122.5030619598
6345,Alarms,37.718722285700004,-122.389118325
6372,Alarms,37.7925624699,-122.44048841450001
6380,Alarms,37.7517086695,-122.4139369421
6382,Alarms,37.7806168447,-122.4165622543
6389,Alarms,37.7914675529,-122.4132730801
6405,Alarms,37.7218642112,-122.4429940702
6421,Alarms,37.745566707100004,-122.4511557278
6430,Alarms,37.7739110665,-122.39144059
6455,Alarms,37.7806168447,-122.4165622543
6460,Alarms,37.7358508297,-122.5030619598
6484,Alarms,37.7739110665,-122.39144059
6490,Alarms,37.7446252316,-122.4103456013
6492,Alarms,37.7739110665,-122.39144059
6523,Alarms,37.7517086695,-122.4139369421
6540,Alarms,37.783789296900004,-122.4092663073
6546,Alarms,37.778154438499996,-122.446874815
6548,Alarms,37.7379604483,-122.44632163840001
6551,Alarms,37.7767190508,-122.458611722
6568,Alarms,37.785685802399996,-122.4213933078
6580,Alarms,37.745566707100004,-122.4511557278
6586,Alarms,37.7517086695,-122.4139369421
6599,Alarms,37.784091036199996,-122.41178436950001
6605,Alarms,37.7925624699,-122.44048841450001
6616,Alarms,37.7883420975,-122.4075754526
6618,Alarms,37.7914675529,-122.4132730801
6620,Alarms,37.77989681,-122.44056133
6623,Alarms,37.7807577537,-122.4913020547
6625,Alarms,37.8013251295,-122.45349824440001
6626,Alarms,37.7757145344,-122.4768281158
6637,Alarms,37.789383886799996,-122.40778695629999
6644,Alarms,37.7858903312,-122.41172571940001
6645,Alarms,37.7894926602,-122.410269519
6672,Alarms,37.7943459009,-122.4002623919
6675,Alarms,37.7459562954,-122.4542399076
6677,Alarms,37.7868893006,-122.4492823634
6679,Alarms,37.751954442199995,-122.4222319034
6687,Alarms,37.7983839597,-122.4183554775
6698,Alarms,37.7388214327,-122.48560378100001
6699,Alarms,37.7838427739,-122.42276736379999
6707,Alarms,37.7883420975,-122.4075754526
6712,Alarms,37.7894926602,-122.410269519
6734,Alarms,37.7838427739,-122.42276736379999
6739,Alarms,37.7808662106,-122.42880323799999
6772,Alarms,37.7459562954,-122.4542399076
6775,Alarms,37.7808662106,-122.42880323799999
6780,Alarms,37.7912883093,-122.43010298809999
6785,Alarms,37.7985818636,-122.4760377653
6807,Alarms,37.7664544117,-122.3973856982
6815,Alarms,37.7946334154,-122.4324650794
6825,Alarms,37.7825564118,-122.4380318899
6826,Alarms,37.710217410700004,-122.46695479450001
6833,Alarms,37.7892649467,-122.41204908540001
6845,Alarms,37.7943459009,-122.4002623919
6847,Alarms,37.7858903312,-122.41172571940001
6867,Alarms,37.7891656315,-122.4313628916
6873,Alarms,37.7664544117,-122.3973856982
6875,Alarms,37.8013251295,-122.45349824440001
6881,Alarms,37.784807388699996,-122.4136154383
6893,Alarms,37.7621440348,-122.4215514516
6896,Alarms,37.7838427739,-122.42276736379999
6897,Alarms,37.7825564118,-122.4380318899
6921,Alarms,37.7985818636,-122.4760377653
6943,Alarms,37.7910493415,-122.44528660030001
6947,Alarms,37.7868893006,-122.4492823634
6953,Alarms,37.77989681,-122.44056133
6969,Alarms,37.7914675529,-122.4132730801
6973,Alarms,37.789383886799996,-122.40778695629999
6974,Alarms,37.7894788173,-122.4145611332
6980,Alarms,37.7912883093,-122.43010298809999
6994,Alarms,37.7910493415,-122.44528660030001
6997,Alarms,37.7641898783,-122.4204377043
7002,Alarms,37.7302865471,-122.4487885464
7011,Alarms,37.8013251295,-122.45349824440001
7013,Alarms,37.726151743,-122.39555385879999
7019,Alarms,37.7711351327,-122.4268068773
7021,Alarms,37.7914675529,-122.4132730801
7031,Alarms,37.7824684162,-122.44859058860001
7048,Alarms,37.7302865471,-122.4487885464
7049,Alarms,37.710217410700004,-122.46695479450001
7058,Alarms,37.7812876871,-122.4113180554
7060,Alarms,37.7711351327,-122.4268068773
7068,Alarms,37.7812876871,-122.4113180554
7070,Alarms,37.7641898783,-122.4204377043
7106,Alarms,37.7894926602,-122.410269519
7115,Alarms,37.7892649467,-122.41204908540001
7118,Alarms,37.789383886799996,-122.40778695629999
7123,Alarms,37.7621440348,-122.4215514516
7125,Alarms,37.7858903312,-122.41172571940001
7128,Alarms,37.784807388699996,-122.4136154383
7132,Alarms,37.7985818636,-122.4760377653
7133,Alarms,37.7824684162,-122.44859058860001
7135,Alarms,37.751954442199995,-122.4222319034
7182,Alarms,37.7946334154,-122.4324650794
7188,Alarms,37.7812876871,-122.4113180554
7201,Alarms,37.7825564118,-122.4380318899
7209,Alarms,37.7891656315,-122.4313628916
7224,Alarms,37.726151743,-122.39555385879999
7229,Alarms,37.7565080013,-122.4065410143
7231,Alarms,37.77989681,-122.44056133
7232,Alarms,37.7894788173,-122.4145611332
7233,Alarms,37.751954442199995,-122.4222319034
7238,Alarms,37.7302865471,-122.4487885464
7251,Alarms,37.7808662106,-122.42880323799999
7256,Alarms,37.7565080013,-122.4065410143
7283,Alarms,37.7983839597,-122.4183554775
7297,Alarms,37.7757145344,-122.4768281158
7322,Alarms,37.7946334154,-122.4324650794
7328,Alarms,37.7912883093,-122.43010298809999
7336,Alarms,37.7891656315,-122.4313628916
7346,Alarms,37.7565080013,-122.4065410143
7355,Alarms,37.7894788173,-122.4145611332
7369,Alarms,37.7641898783,-122.4204377043
7370,Alarms,37.7910493415,-122.44528660030001
7380,Alarms,37.726151743,-122.39555385879999
7385,Alarms,37.7824684162,-122.44859058860001
7391,Alarms,37.7757145344,-122.4768281158
7393,Alarms,37.7388214327,-122.48560378100001
7396,Alarms,37.7664544117,-122.3973856982
7406,Alarms,37.7711351327,-122.4268068773
7412,Alarms,37.7388214327,-122.48560378100001
7423,Alarms,37.7459562954,-122.4542399076
7428,Alarms,37.7943459009,-122.4002623919
7430,Alarms,37.7868893006,-122.4492823634
7432,Alarms,37.7883420975,-122.4075754526
7434,Alarms,37.7983839597,-122.4183554775
7445,Alarms,37.7807577537,-122.4913020547
7452,Alarms,37.7892649467,-122.41204908540001
7460,Alarms,37.784807388699996,-122.4136154383
7468,Alarms,37.7946334154,-122.4324650794
7473,Alarms,37.7807577537,-122.4913020547
7481,Alarms,37.710217410700004,-122.46695479450001
7484,Alarms,37.7621440348,-122.4215514516
7487,Alarms,37.710217410700004,-122.46695479450001
7502,Alarms,37.7581366017,-122.4488072984
7509,Alarms,37.7570337297,-122.476758437
7510,Alarms,37.768462245900004,-122.4312048785
7519,Alarms,37.7911511887,-122.4343618671
7520,Alarms,37.7974647217,-122.4146678321
7540,Alarms,37.7953737061,-122.4082345385
7544,Alarms,37.7914523627,-122.4065433001
7551,Alarms,37.793184600100005,-122.394772479
7561,Alarms,37.7860371624,-122.4062128782
7589,Alarms,37.7953737061,-122.4082345385
7591,Alarms,37.7500995811,-122.43389883100001
7610,Alarms,37.7882419233,-122.4092402184
7627,Alarms,37.7840683016,-122.4602724965
7629,Alarms,37.7977792275,-122.4078279837
7646,Alarms,37.8003670398,-122.40171077129999
7652,Alarms,37.7880205485,-122.42606156129999
7653,Alarms,37.7882419233,-122.4092402184
7655,Alarms,37.7570337297,-122.476758437
7662,Alarms,37.7581366017,-122.4488072984
7676,Alarms,37.7840683016,-122.4602724965
7685,Alarms,37.7953737061,-122.4082345385
7692,Alarms,37.7642910155,-122.4186894167
7695,Alarms,37.725841089,-122.4788651042
7708,Alarms,37.7500995811,-122.43389883100001
7730,Alarms,37.7860371624,-122.4062128782
7732,Alarms,37.768462245900004,-122.4312048785
7738,Alarms,37.7840683016,-122.4602724965
7755,Alarms,37.7882419233,-122.4092402184
7768,Alarms,37.7442928065,-122.43909157899999
7773,Alarms,37.7887066123,-122.3990102076
7782,Alarms,37.785389821799996,-122.4090932285
7791,Alarms,37.7812064711,-122.5036275123
7793,Alarms,37.8003670398,-122.40171077129999
7794,Alarms,37.7642910155,-122.4186894167
7807,Alarms,37.7887066123,-122.3990102076
7823,Alarms,37.793184600100005,-122.394772479
7835,Alarms,37.7581366017,-122.4488072984
7839,Alarms,37.7882419233,-122.4092402184
7846,Alarms,37.7863072236,-122.4052948452
7863,Alarms,37.710217410700004,-122.46695479450001
7887,Alarms,37.7887683286,-122.4084300062
7913,Alarms,37.7911511887,-122.4343618671
7969,Alarms,37.785389821799996,-122.4090932285
7972,Alarms,37.7977792275,-122.4078279837
7975,Alarms,37.793184600100005,-122.394772479
7988,Alarms,37.7880205485,-122.42606156129999
8012,Alarms,37.8003670398,-122.40171077129999
8019,Alarms,37.776269506599995,-122.4172576051
8021,Alarms,37.8003670398,-122.40171077129999
8023,Alarms,37.7887683286,-122.4084300062
8035,Alarms,37.785389821799996,-122.4090932285
8037,Alarms,37.7900697671,-122.40017317569999
8044,Alarms,37.792515445999996,-122.40919800260001
8050,Alarms,37.7745856548,-122.4628133551
8057,Alarms,37.776269506599995,-122.4172576051
8064,Alarms,37.780445711700004,-122.4329734429
8077,Alarms,37.725841089,-122.4788651042
8079,Alarms,37.725841089,-122.4788651042
8080,Alarms,37.7977792275,-122.4078279837
8081,Alarms,37.7863072236,-122.4052948452
8106,Alarms,37.7745856548,-122.4628133551
8108,Alarms,37.710217410700004,-122.46695479450001
8110,Alarms,37.7642910155,-122.4186894167
8118,Alarms,37.7745856548,-122.4628133551
8130,Alarms,37.7840683016,-122.4602724965
8134,Alarms,37.780445711700004,-122.4329734429
8138,Alarms,37.7974647217,-122.4146678321
8140,Alarms,37.8003670398,-122.40171077129999
8141,Alarms,37.7442928065,-122.43909157899999
8145,Alarms,37.7953737061,-122.4082345385
8151,Alarms,37.7900697671,-122.40017317569999
8159,Alarms,37.7527125371,-122.4095929121
8161,Alarms,37.7812064711,-122.5036275123
8167,Alarms,37.7974647217,-122.4146678321
8168,Alarms,37.7527125371,-122.4095929121
8184,Alarms,37.7915412094,-122.4485122967
8189,Alarms,37.780445711700004,-122.4329734429
8192,Alarms,37.7953737061,-122.4082345385
8199,Alarms,37.7900697671,-122.40017317569999
8201,Alarms,37.8003670398,-122.40171077129999
8217,Alarms,37.768462245900004,-122.4312048785
8224,Alarms,37.7915412094,-122.4485122967
8232,Alarms,37.7953737061,-122.4082345385
8236,Alarms,37.7500995811,-122.43389883100001
8243,Alarms,37.7570337297,-122.476758437
8255,Alarms,37.7812064711,-122.5036275123
8261,Alarms,37.792515445999996,-122.40919800260001
8264,Alarms,37.7915412094,-122.4485122967
8266,Alarms,37.7812064711,-122.5036275123
8267,Alarms,37.7911511887,-122.4343618671
8269,Alarms,37.7860371624,-122.4062128782
8277,Alarms,37.7442928065,-122.43909157899999
8303,Alarms,37.7882419233,-122.4092402184
8306,Alarms,37.776269506599995,-122.4172576051
8313,Alarms,37.7914523627,-122.4065433001
8320,Alarms,37.7527125371,-122.4095929121
8326,Alarms,37.7863072236,-122.4052948452
8327,Alarms,37.7880205485,-122.42606156129999
8347,Alarms,37.792515445999996,-122.40919800260001
8362,Alarms,37.7914523627,-122.4065433001
8369,Alarms,37.7887066123,-122.3990102076
8378,Alarms,37.7887683286,-122.4084300062
8407,Alarms,37.7759935455,-122.4303873232
8413,Alarms,37.7843212349,-122.38904057370002
8419,Alarms,37.7904750362,-122.390556046
8435,Alarms,37.7580927746,-122.41468474540001
8443,Alarms,37.763627228699995,-122.38972339
8453,Alarms,37.728815567699996,-122.3803270134
8460,Alarms,37.7497416992,-122.4073956275
8468,Alarms,37.7828450345,-122.4132217667
8475,Alarms,37.7543085854,-122.4241440174
8477,Alarms,37.7826355124,-122.4148628273
8490,Alarms,37.7834768404,-122.4124351407
8493,Alarms,37.728815567699996,-122.3803270134
8523,Alarms,37.7857367879,-122.3891243644
8528,Alarms,37.8031013193,-122.4143431928
8529,Alarms,37.7543085854,-122.4241440174
8569,Alarms,37.7849108848,-122.4995145655
8570,Alarms,37.7580927746,-122.41468474540001
8571,Alarms,37.764993728,-122.4439518049
8590,Alarms,37.7904750362,-122.390556046
8614,Alarms,37.7497416992,-122.4073956275
8623,Alarms,37.784181763,-122.41440422069999
8628,Alarms,37.728815567699996,-122.3803270134
8662,Alarms,37.7849108848,-122.4995145655
8673,Alarms,37.7957194378,-122.4158182673
8694,Alarms,37.7826355124,-122.4148628273
8699,Alarms,37.7843212349,-122.38904057370002
8701,Alarms,37.7828450345,-122.4132217667
8702,Alarms,37.7957194378,-122.4158182673
8704,Alarms,37.7661259455,-122.42207304889999
8711,Alarms,37.763627228699995,-122.38972339
8745,Alarms,37.736654589400004,-122.42231517379999
8746,Alarms,37.764993728,-122.4439518049
8755,Alarms,37.7495570094,-122.4295304009
8765,Alarms,37.7857367879,-122.3891243644
8774,Alarms,37.7758548588,-122.445614415
8799,Alarms,37.7843212349,-122.38904057370002
8809,Alarms,37.7957194378,-122.4158182673
8816,Alarms,37.8031013193,-122.4143431928
8820,Alarms,37.784181763,-122.41440422069999
8829,Alarms,37.7543085854,-122.4241440174
8847,Alarms,37.7834768404,-122.4124351407
8849,Alarms,37.7826355124,-122.4148628273
8856,Alarms,37.7759935455,-122.4303873232
8860,Alarms,37.7258516222,-122.4027857406
8862,Alarms,37.7759935455,-122.4303873232
8868,Alarms,37.8031013193,-122.4143431928
8869,Alarms,37.764993728,-122.4439518049
8886,Alarms,37.7758548588,-122.445614415
8887,Alarms,37.7857367879,-122.3891243644
8898,Alarms,37.736654589400004,-122.42231517379999
8907,Alarms,37.7661259455,-122.42207304889999
8919,Alarms,37.7889450363,-122.4262522617
8923,Alarms,37.7258516222,-122.4027857406
8944,Alarms,37.7889450363,-122.4262522617
8945,Alarms,37.7857367879,-122.3891243644
8948,Alarms,37.7857367879,-122.3891243644
8955,Alarms,37.7758548588,-122.445614415
8960,Alarms,37.7646500973,-122.45190218479999
8977,Alarms,37.7661259455,-122.42207304889999
8989,Alarms,37.7893703539,-122.41453918239999
8990,Alarms,37.7646500973,-122.45190218479999
9002,Alarms,37.7497416992,-122.4073956275
9004,Alarms,37.7849108848,-122.4995145655
9018,Alarms,37.7893703539,-122.41453918239999
9021,Alarms,37.7758548588,-122.445614415
9024,Alarms,37.736962342800005,-122.41255341829999
9025,Alarms,37.7834768404,-122.4124351407
9055,Alarms,37.7495570094,-122.4295304009
9064,Alarms,37.7893703539,-122.41453918239999
9066,Alarms,37.763627228699995,-122.38972339
9067,Alarms,37.7580927746,-122.41468474540001
9074,Alarms,37.784181763,-122.41440422069999
9075,Alarms,37.7904750362,-122.390556046
9077,Alarms,37.7857367879,-122.3891243644
9085,Alarms,37.800666721199995,-122.44120448940001
9098,Alarms,37.736962342800005,-122.41255341829999
9099,Alarms,37.7646500973,-122.45190218479999
9104,Alarms,37.7889450363,-122.4262522617
9124,Alarms,37.7828450345,-122.4132217667
9128,Alarms,37.800666721199995,-122.44120448940001
9138,Alarms,37.736962342800005,-122.41255341829999
9154,Alarms,37.7893703539,-122.41453918239999
9162,Alarms,37.736654589400004,-122.42231517379999
9165,Alarms,37.7258516222,-122.4027857406
9168,Alarms,37.800666721199995,-122.44120448940001
9175,Alarms,37.7495570094,-122.4295304009
9178,Alarms,37.763627228699995,-122.38972339
9187,Alarms,37.763627228699995,-122.38972339
9203,Alarms,37.763627228699995,-122.38972339
9226,Alarms,37.7827439708,-122.41488481280001
9236,Alarms,37.793488084699995,-122.3982059648
9273,Alarms,37.7808662106,-122.42880323799999
9295,Alarms,37.7588568959,-122.4029056701
9317,Alarms,37.776269506599995,-122.4172576051
9325,Alarms,37.757292781,-122.39577189709999
9346,Alarms,37.7655871452,-122.4242976454
9353,Alarms,37.7874196525,-122.39277601200001
9447,Alarms,37.7827439708,-122.41488481280001
9450,Alarms,37.776269506599995,-122.4172576051
9471,Alarms,37.7874196525,-122.39277601200001
9472,Alarms,37.7874196525,-122.39277601200001
9477,Alarms,37.784091036199996,-122.41178436950001
9500,Alarms,37.757292781,-122.39577189709999
9508,Alarms,37.7883245687,-122.39391134610001
9509,Alarms,37.793420180300004,-122.40938868299999
9530,Alarms,37.7663225316,-122.42472387040002
9532,Alarms,37.7808662106,-122.42880323799999
9541,Alarms,37.793420180300004,-122.40938868299999
9549,Alarms,37.793420180300004,-122.40938868299999
9574,Alarms,37.784091036199996,-122.41178436950001
9587,Alarms,37.7663225316,-122.42472387040002
9608,Alarms,37.7808662106,-122.42880323799999
9668,Alarms,37.7883245687,-122.39391134610001
9674,Alarms,37.793488084699995,-122.3982059648
9677,Alarms,37.7827439708,-122.41488481280001
9684,Alarms,37.7663225316,-122.42472387040002
9711,Alarms,37.7663225316,-122.42472387040002
9723,Alarms,37.757292781,-122.39577189709999
9740,Alarms,37.7655871452,-122.4242976454
9742,Alarms,37.7768945401,-122.4919580782
9800,Alarms,37.7663225316,-122.42472387040002
9846,Alarms,37.784091036199996,-122.41178436950001
9853,Alarms,37.7588568959,-122.4029056701
9855,Alarms,37.7768945401,-122.4919580782
9867,Alarms,37.7768945401,-122.4919580782
9874,Alarms,37.776269506599995,-122.4172576051
9883,Alarms,37.7655871452,-122.4242976454
9911,Alarms,37.7663225316,-122.42472387040002
9934,Alarms,37.793420180300004,-122.40938868299999
9937,Alarms,37.7883245687,-122.39391134610001
9957,Alarms,37.7588568959,-122.4029056701
9963,Alarms,37.793488084699995,-122.3982059648
