,call_type,unit_type,latitude,longitude
6887,Structure Fire,TRUCK,37.7618358554,-122.4193592685
9823,Structure Fire,INVESTIGATION,37.7650513382,-122.41966897389999
2628,Structure Fire,TRUCK,37.7944797173,-122.3947475803
885,Structure Fire,TRUCK,37.7697978509,-122.4485788148
4991,Structure Fire,CHIEF,37.7892141357,-122.4464639892
6779,Structure Fire,MEDIC,37.748237394,-122.4091747167
7235,Structure Fire,ENGINE,37.7851285057,-122.4144553687
2621,Structure Fire,TRUCK,37.786409613800004,-122.40803623629999
6771,Structure Fire,ENGINE,37.7851285057,-122.4144553687
906,Structure Fire,ENGINE,37.7689033402,-122.45183913870001
9847,Structure Fire,ENGINE,37.7697978509,-122.4485788148
899,Structure Fire,ENGINE,37.7403329887,-122.46644858239999
2623,Structure Fire,ENGINE,37.7537685477,-122.48718301209999
896,Structure Fire,TRUCK,37.781595587199995,-122.4121906699
895,Structure Fire,ENGINE,37.738239292399996,-122.5000577788
5472,Structure Fire,TRUCK,37.7949460514,-122.4291558531
152,Structure Fire,ENGINE,37.7986027829,-122.42314860209999
9053,Structure Fire,CHIEF,37.7917690748,-122.4294268467
3051,Structure Fire,ENGINE,37.726236245,-122.4336235923
2923,Structure Fire,ENGINE,37.766428605,-122.45210996360001
891,Structure Fire,CHIEF,37.7113797074,-122.45034108440001
9832,Structure Fire,ENGINE,37.7331175479,-122.45764100299999
9830,Structure Fire,ENGINE,37.7269256804,-122.43096518760001
902,Structure Fire,ENGINE,37.7878721677,-122.4116992333
888,Structure Fire,ENGINE,37.7403329887,-122.46644858239999
4976,Structure Fire,MEDIC,37.7892141357,-122.4464639892
3048,Structure Fire,MEDIC,37.8044072929,-122.4133588631
6905,Structure Fire,SUPPORT,37.7956493532,-122.4132086268
9076,Structure Fire,MEDIC,37.7723719321,-122.4321178771
9446,Structure Fire,ENGINE,37.7121958423,-122.4208388501
7226,Structure Fire,RESCUE SQUAD,37.7904949924,-122.4087846268
6916,Structure Fire,TRUCK,37.731677271799995,-122.39899409200001
9779,Structure Fire,ENGINE,37.7650513382,-122.41966897389999
208,Structure Fire,CHIEF,37.755998442,-122.4094330698
6587,Structure Fire,TRUCK,37.729896036599996,-122.4561633416
6761,Structure Fire,SUPPORT,37.7956493532,-122.4132086268
7199,Structure Fire,TRUCK,37.7956493532,-122.4132086268
9131,Structure Fire,CHIEF,37.7807920803,-122.4083857455
5021,Structure Fire,TRUCK,37.7690761306,-122.4471672894
6922,Structure Fire,CHIEF,37.748237394,-122.4091747167
6925,Structure Fire,TRUCK,37.7804578378,-122.4286905391
2661,Structure Fire,TRUCK,37.805310937899996,-122.4126983591
7195,Structure Fire,RESCUE SQUAD,37.8008661593,-122.4354271774
9761,Structure Fire,TRUCK,37.7782510165,-122.4198832316
6927,Structure Fire,TRUCK,37.8008661593,-122.4354271774
5427,Structure Fire,TRUCK,37.7702101749,-122.4453449892
226,Structure Fire,MEDIC,37.770259234,-122.4318322999
7193,Structure Fire,ENGINE,37.7804578378,-122.4286905391
9139,Structure Fire,TRUCK,37.7807920803,-122.4083857455
822,Structure Fire,TRUCK,37.774283836500004,-122.4670880868
819,Structure Fire,MEDIC,37.774283836500004,-122.4670880868
9753,Structure Fire,MEDIC,37.7862684417,-122.41299723590001
5421,Structure Fire,ENGINE,37.7352738344,-122.39141347030001
9752,Structure Fire,CHIEF,37.7661343875,-122.42193507719999
4742,Structure Fire,CHIEF,37.7892141357,-122.4464639892
233,Structure Fire,CHIEF,37.8076904932,-122.4123295588
813,Structure Fire,ENGINE,37.786409613800004,-122.40803623629999
812,Structure Fire,ENGINE,37.7833590027,-122.416694944
6915,Structure Fire,CHIEF,37.7904949924,-122.4087846268
202,Structure Fire,TRUCK,37.7904950228,-122.40235333700001
9119,Structure Fire,ENGINE,37.7723719321,-122.4321178771
5010,Structure Fire,ENGINE,37.7875021793,-122.45278022049999
879,Structure Fire,TRUCK,37.7451009984,-122.39218234129999
3057,Structure Fire,MEDIC,37.7848662437,-122.4127821283
877,Structure Fire,RESCUE SQUAD,37.7113797074,-122.45034108440001
171,Structure Fire,ENGINE,37.8076904932,-122.4123295588
9811,Structure Fire,ENGINE,37.7860598457,-122.4146435929
7223,Structure Fire,RESCUE SQUAD,37.7956493532,-122.4132086268
9808,Structure Fire,MEDIC,37.7661343875,-122.42193507719999
174,Structure Fire,TRUCK,37.786409613800004,-122.40803623629999
6783,Structure Fire,CHIEF,37.731677271799995,-122.39899409200001
4766,Structure Fire,CHIEF,37.7875021793,-122.45278022049999
177,Structure Fire,CHIEF,37.755998442,-122.4094330698
5003,Structure Fire,ENGINE,37.7875021793,-122.45278022049999
5004,Structure Fire,ENGINE,37.743923082100004,-122.43720578
883,Structure Fire,ENGINE,37.7113797074,-122.45034108440001
186,Structure Fire,MEDIC,37.7833590027,-122.416694944
860,Structure Fire,ENGINE,37.7451091083,-122.4714885964
4763,Structure Fire,CHIEF,37.7345987087,-122.39034455049999
9103,Structure Fire,CHIEF,37.764836265700005,-122.469656988
5445,Structure Fire,TRUCK,37.777104530500004,-122.3927504061
9794,Structure Fire,TRUCK,37.7331175479,-122.45764100299999
7207,Structure Fire,TRUCK,37.8008661593,-122.4354271774
9791,Structure Fire,ENGINE,37.7661343875,-122.42193507719999
848,Structure Fire,CHIEF,37.7655967523,-122.4477975209
2649,Structure Fire,TRUCK,37.8044072929,-122.4133588631
9111,Structure Fire,RESCUE SQUAD,37.7219049199,-122.4546170251
9113,Structure Fire,ENGINE,37.7807920803,-122.4083857455
9117,Structure Fire,RESCUE SQUAD,37.782723970300005,-122.396167865
5009,Structure Fire,RESCUE SQUAD,37.7690761306,-122.4471672894
3226,Structure Fire,ENGINE,37.7944797173,-122.3947475803
4294,Structure Fire,CHIEF,37.743923082100004,-122.43720578
936,Structure Fire,TRUCK,37.7113797074,-122.45034108440001
4802,Structure Fire,MEDIC,37.743923082100004,-122.43720578
1021,Structure Fire,CHIEF,37.7857402819,-122.4138042679
1020,Structure Fire,CHIEF,37.7689033402,-122.45183913870001
4226,Structure Fire,TRUCK,37.7271683911,-122.4368054927
5545,Structure Fire,CHIEF,37.7352738344,-122.39141347030001
7282,Structure Fire,ENGINE,37.7904949924,-122.4087846268
8939,Structure Fire,RESCUE SQUAD,37.7807920803,-122.4083857455
9951,Structure Fire,ENGINE,37.7862684417,-122.41299723590001
1013,Structure Fire,TRUCK,37.7717364636,-122.4236734117
2574,Structure Fire,CHIEF,37.766428605,-122.45210996360001
3272,Structure Fire,TRUCK,37.805310937899996,-122.4126983591
6805,Structure Fire,RESCUE SQUAD,37.7851285057,-122.4144553687
9943,Structure Fire,RESCUE SQUAD,37.7862684417,-122.41299723590001
1004,Structure Fire,ENGINE,37.7717364636,-122.4236734117
3021,Structure Fire,TRUCK,37.786409613800004,-122.40803623629999
1003,Structure Fire,ENGINE,37.7857402819,-122.4138042679
9941,Structure Fire,TRUCK,37.7121958423,-122.4208388501
3031,Structure Fire,ENGINE,37.786409613800004,-122.40803623629999
6801,Structure Fire,ENGINE,37.7956493532,-122.4132086268
51,Structure Fire,ENGINE,37.7986027829,-122.42314860209999
4243,Structure Fire,RESCUE SQUAD,37.7637491607,-122.4942673831
6854,Structure Fire,MEDIC,37.7904949924,-122.4087846268
8956,Structure Fire,ENGINE,37.7917690748,-122.4294268467
2581,Structure Fire,RESCUE SQUAD,37.7848662437,-122.4127821283
6800,Structure Fire,ENGINE,37.8008661593,-122.4354271774
6856,Structure Fire,ENGINE,37.7956493532,-122.4132086268
990,Structure Fire,ENGINE,37.7113797074,-122.45034108440001
6857,Structure Fire,CHIEF,37.7866710638,-122.4509262583
8965,Structure Fire,TRUCK,37.7872979199,-122.4098339402
4235,Structure Fire,ENGINE,37.786409613800004,-122.40803623629999
58,Structure Fire,TRUCK,37.7986027829,-122.42314860209999
5549,Structure Fire,TRUCK,37.7498363176,-122.41828053889999
9960,Structure Fire,ENGINE,37.7331175479,-122.45764100299999
4196,Structure Fire,ENGINE,37.7637491607,-122.4942673831
4882,Structure Fire,TRUCK,37.7637491607,-122.4942673831
2558,Structure Fire,ENGINE,37.805310937899996,-122.4126983591
6,Structure Fire,ENGINE,37.7833590027,-122.416694944
6821,Structure Fire,PRIVATE,37.748237394,-122.4091747167
6832,Structure Fire,CHIEF,37.7904949924,-122.4087846268
1051,Structure Fire,TRUCK,37.738239292399996,-122.5000577788
1050,Structure Fire,MEDIC,37.738239292399996,-122.5000577788
7298,Structure Fire,CHIEF,37.731677271799995,-122.39899409200001
1045,Structure Fire,MEDIC,37.7655967523,-122.4477975209
1044,Structure Fire,CHIEF,37.7878721677,-122.4116992333
2996,Structure Fire,TRUCK,37.726236245,-122.4336235923
1041,Structure Fire,TRUCK,37.7403329887,-122.46644858239999
32,Structure Fire,ENGINE,37.770259234,-122.4318322999
1040,Structure Fire,ENGINE,37.7403329887,-122.46644858239999
4891,Structure Fire,RESCUE SQUAD,37.7875021793,-122.45278022049999
9980,Structure Fire,ENGINE,37.7661343875,-122.42193507719999
8916,Structure Fire,TRUCK,37.7917690748,-122.4294268467
19,Structure Fire,TRUCK,37.7833590027,-122.416694944
4868,Structure Fire,TRUCK,37.726236245,-122.4336235923
1032,Structure Fire,ENGINE,37.7717364636,-122.4236734117
4894,Structure Fire,ENGINE,37.726236245,-122.4336235923
2992,Structure Fire,ENGINE,37.7848662437,-122.4127821283
9967,Structure Fire,CHIEF,37.7661343875,-122.42193507719999
9966,Structure Fire,TRUCK,37.7764643063,-122.4262633449
9964,Structure Fire,TRUCK,37.7862684417,-122.41299723590001
3017,Structure Fire,TRUCK,37.786409613800004,-122.40803623629999
4222,Structure Fire,TRUCK,37.7790321327,-122.40184327440001
15,Structure Fire,RESCUE SQUAD,37.7852173616,-122.4170696114
6859,Structure Fire,MEDIC,37.7851285057,-122.4144553687
983,Structure Fire,ENGINE,37.781595587199995,-122.4121906699
8973,Structure Fire,ENGINE,37.764836265700005,-122.469656988
4947,Structure Fire,CHIEF,37.7345987087,-122.39034455049999
9011,Structure Fire,TRUCK,37.782723970300005,-122.396167865
5501,Structure Fire,CHIEF,37.777104530500004,-122.3927504061
6789,Structure Fire,MEDIC,37.7956493532,-122.4132086268
2950,Structure Fire,ENGINE,37.7848662437,-122.4127821283
100,Structure Fire,CHIEF,37.7904950228,-122.40235333700001
9015,Structure Fire,CHIEF,37.782723970300005,-122.396167865
4277,Structure Fire,ENGINE,37.7690761306,-122.4471672894
6788,Structure Fire,ENGINE,37.7851285057,-122.4144553687
939,Structure Fire,TRUCK,37.7451091083,-122.4714885964
9885,Structure Fire,CHIEF,37.7121958423,-122.4208388501
9884,Structure Fire,TRUCK,37.7697978509,-122.4485788148
6753,Structure Fire,ENGINE,37.748237394,-122.4091747167
9008,Structure Fire,TRUCK,37.8078031175,-122.4190860681
935,Structure Fire,TRUCK,37.7334230297,-122.482013815
932,Structure Fire,RESCUE SQUAD,37.7689033402,-122.45183913870001
4284,Structure Fire,ENGINE,37.7271683911,-122.4368054927
929,Structure Fire,CHIEF,37.7403329887,-122.46644858239999
2610,Structure Fire,ENGINE,37.7848662437,-122.4127821283
4287,Structure Fire,MEDIC,37.7637491607,-122.4942673831
923,Structure Fire,RESCUE SQUAD,37.7857402819,-122.4138042679
6558,Structure Fire,CHIEF,37.7777124404,-122.4127367074
9880,Structure Fire,MEDIC,37.7331175479,-122.45764100299999
108,Structure Fire,CHIEF,37.7986027829,-122.42314860209999
6882,Structure Fire,MEDIC,37.8008661593,-122.4354271774
4959,Structure Fire,MEDIC,37.7875021793,-122.45278022049999
9040,Structure Fire,CHIEF,37.7917690748,-122.4294268467
6884,Structure Fire,ENGINE,37.7909199784,-122.4325616508
104,Structure Fire,ENGINE,37.774283836500004,-122.4670880868
4816,Structure Fire,TRUCK,37.7892141357,-122.4464639892
6790,Structure Fire,ENGINE,37.7956493532,-122.4132086268
9006,Structure Fire,ENGINE,37.7219049199,-122.4546170251
3261,Structure Fire,CHIEF,37.805310937899996,-122.4126983591
979,Structure Fire,CHIEF,37.7403329887,-122.46644858239999
4837,Structure Fire,ENGINE,37.7345987087,-122.39034455049999
6799,Structure Fire,MEDIC,37.7866710638,-122.4509262583
975,Structure Fire,PRIVATE,37.7403329887,-122.46644858239999
974,Structure Fire,PRIVATE,37.7403329887,-122.46644858239999
6861,Structure Fire,CHIEF,37.7904949924,-122.4087846268
970,Structure Fire,CHIEF,37.7403329887,-122.46644858239999
4255,Structure Fire,CHIEF,37.7892141357,-122.4464639892
9924,Structure Fire,CHIEF,37.7331175479,-122.45764100299999
7264,Structure Fire,TRUCK,37.7893692677,-122.3918582914
964,Structure Fire,ENGINE,37.7978223016,-122.4070161645
8992,Structure Fire,CHIEF,37.764836265700005,-122.469656988
8993,Structure Fire,TRUCK,37.7753322431,-122.3972063106
6864,Structure Fire,ENGINE,37.731677271799995,-122.39899409200001
7263,Structure Fire,TRUCK,37.7866710638,-122.4509262583
72,Structure Fire,CHIEF,37.774283836500004,-122.4670880868
7261,Structure Fire,CHIEF,37.7956493532,-122.4132086268
6866,Structure Fire,RESCUE SQUAD,37.731677271799995,-122.39899409200001
3256,Structure Fire,CHIEF,37.805310937899996,-122.4126983591
9000,Structure Fire,TRUCK,37.752239455,-122.41844527290002
2962,Structure Fire,ENGINE,37.805310937899996,-122.4126983591
75,Structure Fire,SUPPORT,37.770259234,-122.4318322999
5508,Structure Fire,TRUCK,37.773100586999995,-122.41556138989999
78,Structure Fire,RESCUE SQUAD,37.770259234,-122.4318322999
3035,Structure Fire,ENGINE,37.8044072929,-122.4133588631
6793,Structure Fire,TRUCK,37.7904949924,-122.4087846268
2957,Structure Fire,CHIEF,37.766428605,-122.45210996360001
9900,Structure Fire,ENGINE,37.7860598457,-122.4146435929
4293,Structure Fire,CHIEF,37.7637491607,-122.4942673831
5036,Structure Fire,CHIEF,37.7637491607,-122.4942673831
2673,Structure Fire,ENGINE,37.795312940900004,-122.3979747506
9155,Structure Fire,CHIEF,37.7807920803,-122.4083857455
2740,Structure Fire,CHIEF,37.7848662437,-122.4127821283
434,Structure Fire,ENGINE,37.774283836500004,-122.4670880868
3166,Structure Fire,MEDIC,37.805310937899996,-122.4126983591
7096,Structure Fire,CHIEF,37.7904949924,-122.4087846268
7023,Structure Fire,TRUCK,37.7800186669,-122.4169261749
5173,Structure Fire,RESCUE SQUAD,37.777104530500004,-122.3927504061
9343,Structure Fire,ENGINE,37.7860598457,-122.4146435929
7095,Structure Fire,CHIEF,37.7956493532,-122.4132086268
622,Structure Fire,ENGINE,37.7904950228,-122.40235333700001
620,Structure Fire,TRUCK,37.7833590027,-122.416694944
9348,Structure Fire,ENGINE,37.7782510165,-122.4198832316
447,Structure Fire,RESCUE SQUAD,37.7904950228,-122.40235333700001
4486,Structure Fire,MEDIC,37.7345987087,-122.39034455049999
433,Structure Fire,MEDIC,37.7904950228,-122.40235333700001
9525,Structure Fire,TRUCK,37.7661343875,-122.42193507719999
4587,Structure Fire,ENGINE,37.743923082100004,-122.43720578
456,Structure Fire,ENGINE,37.7852173616,-122.4170696114
612,Structure Fire,TRUCK,37.770259234,-122.4318322999
4583,Structure Fire,TRUCK,37.7637491607,-122.4942673831
5279,Structure Fire,CHIEF,37.7352738344,-122.39141347030001
2747,Structure Fire,ENGINE,37.8044072929,-122.4133588631
463,Structure Fire,TRUCK,37.7887868949,-122.4270596733
4492,Structure Fire,MEDIC,37.7690761306,-122.4471672894
606,Structure Fire,TRUCK,37.786409613800004,-122.40803623629999
4582,Structure Fire,TRUCK,37.7796660426,-122.4137112207
7090,Structure Fire,ENGINE,37.748237394,-122.4091747167
5190,Structure Fire,ENGINE,37.7702101749,-122.4453449892
2802,Structure Fire,ENGINE,37.786409613800004,-122.40803623629999
5177,Structure Fire,ENGINE,37.777104530500004,-122.3927504061
426,Structure Fire,CHIEF,37.7904950228,-122.40235333700001
630,Structure Fire,ENGINE,37.7752720593,-122.41590818120001
6643,Structure Fire,TRUCK,37.7800186669,-122.4169261749
7001,Structure Fire,RESCUE SQUAD,37.748237394,-122.4091747167
5319,Structure Fire,CHIEF,37.777104530500004,-122.3927504061
9581,Structure Fire,CHIEF,37.7121958423,-122.4208388501
9304,Structure Fire,CHIEF,37.7862684417,-122.41299723590001
389,Structure Fire,TRUCK,37.7904950228,-122.40235333700001
659,Structure Fire,TRUCK,37.7752720593,-122.41590818120001
6708,Structure Fire,CHIEF,37.7956493532,-122.4132086268
9576,Structure Fire,RESCUE SQUAD,37.7661343875,-122.42193507719999
658,Structure Fire,TRUCK,37.755998442,-122.4094330698
7005,Structure Fire,CHIEF,37.748237394,-122.4091747167
4456,Structure Fire,RESCUE SQUAD,37.7345987087,-122.39034455049999
7117,Structure Fire,CHIEF,37.7804578378,-122.4286905391
395,Structure Fire,TRUCK,37.786409613800004,-122.40803623629999
7114,Structure Fire,TRUCK,37.7904949924,-122.4087846268
9316,Structure Fire,CHIEF,37.7331175479,-122.45764100299999
7009,Structure Fire,ENGINE,37.7904949924,-122.4087846268
4612,Structure Fire,ENGINE,37.7690761306,-122.4471672894
9318,Structure Fire,TRUCK,37.7860598457,-122.4146435929
4462,Structure Fire,ENGINE,37.7637491607,-122.4942673831
407,Structure Fire,ENGINE,37.755998442,-122.4094330698
2823,Structure Fire,RESCUE SQUAD,37.766428605,-122.45210996360001
4607,Structure Fire,TRUCK,37.7892141357,-122.4464639892
4605,Structure Fire,RESCUE SQUAD,37.743923082100004,-122.43720578
7109,Structure Fire,SUPPORT,37.7956493532,-122.4132086268
421,Structure Fire,CHIEF,37.7852173616,-122.4170696114
9330,Structure Fire,TRUCK,37.7796660426,-122.4137112207
7103,Structure Fire,RESCUE SQUAD,37.8008661593,-122.4354271774
6642,Structure Fire,TRUCK,37.7684381355,-122.3974224108
4475,Structure Fire,ENGINE,37.743923082100004,-122.43720578
6685,Structure Fire,MEDIC,37.7956493532,-122.4132086268
4450,Structure Fire,RESCUE SQUAD,37.7637491607,-122.4942673831
9368,Structure Fire,TRUCK,37.7862684417,-122.41299723590001
7089,Structure Fire,TRUCK,37.7956493532,-122.4132086268
9466,Structure Fire,TRUCK,37.7661343875,-122.42193507719999
6658,Structure Fire,RESCUE SQUAD,37.7804578378,-122.4286905391
9464,Structure Fire,TRUCK,37.7850617371,-122.4264301277
4546,Structure Fire,RESCUE SQUAD,37.7892141357,-122.4464639892
4515,Structure Fire,CHIEF,37.743923082100004,-122.43720578
5250,Structure Fire,ENGINE,37.777104530500004,-122.3927504061
7057,Structure Fire,ENGINE,37.7618358554,-122.4193592685
567,Structure Fire,MEDIC,37.7904950228,-122.40235333700001
9461,Structure Fire,RESCUE SQUAD,37.7331175479,-122.45764100299999
7073,Structure Fire,CHIEF,37.7804578378,-122.4286905391
5223,Structure Fire,TRUCK,37.7352738344,-122.39141347030001
561,Structure Fire,TRUCK,37.7852173616,-122.4170696114
2765,Structure Fire,CHIEF,37.8044072929,-122.4133588631
576,Structure Fire,ENGINE,37.7904950228,-122.40235333700001
9421,Structure Fire,MEDIC,37.7860598457,-122.4146435929
4542,Structure Fire,CHIEF,37.7637491607,-122.4942673831
526,Structure Fire,CHIEF,37.774283836500004,-122.4670880868
527,Structure Fire,TRUCK,37.774283836500004,-122.4670880868
3151,Structure Fire,ENGINE,37.786409613800004,-122.40803623629999
5237,Structure Fire,ENGINE,37.7537685477,-122.48718301209999
7066,Structure Fire,TRUCK,37.7904949924,-122.4087846268
9430,Structure Fire,TRUCK,37.7121958423,-122.4208388501
546,Structure Fire,ENGINE,37.786409613800004,-122.40803623629999
7064,Structure Fire,TRUCK,37.7907035506,-122.40071797559999
9435,Structure Fire,CHIEF,37.7331175479,-122.45764100299999
7063,Structure Fire,TRUCK,37.789016335599996,-122.4102424393
5232,Structure Fire,ENGINE,37.7498363176,-122.41828053889999
2772,Structure Fire,CHIEF,37.8044072929,-122.4133588631
7303,Structure Fire,CHIEF,37.7866710638,-122.4509262583
9401,Structure Fire,ENGINE,37.7121958423,-122.4208388501
6673,Structure Fire,TRUCK,37.7866710638,-122.4509262583
6656,Structure Fire,ENGINE,37.7866710638,-122.4509262583
472,Structure Fire,ENGINE,37.7833590027,-122.416694944
4496,Structure Fire,ENGINE,37.7690761306,-122.4471672894
7035,Structure Fire,TRUCK,37.7851285057,-122.4144553687
9498,Structure Fire,CHIEF,37.7661343875,-122.42193507719999
6650,Structure Fire,MEDIC,37.731677271799995,-122.39899409200001
596,Structure Fire,CHIEF,37.7986027829,-122.42314860209999
485,Structure Fire,RESCUE CAPTAIN,37.770259234,-122.4318322999
7043,Structure Fire,MEDIC,37.7804578378,-122.4286905391
592,Structure Fire,RESCUE SQUAD,37.774283836500004,-122.4670880868
488,Structure Fire,ENGINE,37.795312940900004,-122.3979747506
591,Structure Fire,TRUCK,37.7852173616,-122.4170696114
2793,Structure Fire,CHIEF,37.7848662437,-122.4127821283
4561,Structure Fire,CHIEF,37.7875021793,-122.45278022049999
4501,Structure Fire,TRUCK,37.7690761306,-122.4471672894
4502,Structure Fire,ENGINE,37.7796660426,-122.4137112207
4503,Structure Fire,CHIEF,37.7690761306,-122.4471672894
587,Structure Fire,ENGINE,37.7986027829,-122.42314860209999
6652,Structure Fire,ENGINE,37.781904293400004,-122.4173105329
493,Structure Fire,RESCUE SQUAD,37.7986027829,-122.42314860209999
494,Structure Fire,ENGINE,37.7833590027,-122.416694944
496,Structure Fire,CHIEF,37.7852173616,-122.4170696114
9392,Structure Fire,ENGINE,37.7850617371,-122.4264301277
2788,Structure Fire,TRUCK,37.766428605,-122.45210996360001
9394,Structure Fire,ENGINE,37.7796660426,-122.4137112207
9479,Structure Fire,ENGINE,37.7764643063,-122.4262633449
503,Structure Fire,ENGINE,37.7164595473,-122.4410195602
4556,Structure Fire,CHIEF,37.8044382972,-122.41160547610001
2786,Structure Fire,TRUCK,37.786409613800004,-122.40803623629999
7051,Structure Fire,ENGINE,37.7907035506,-122.40071797559999
602,Structure Fire,ENGINE,37.7887868949,-122.4270596733
7189,Structure Fire,TRUCK,37.8032482745,-122.4434396676
4626,Structure Fire,ENGINE,37.8044382972,-122.41160547610001
6627,Structure Fire,ENGINE,37.7800186669,-122.4169261749
4703,Structure Fire,TRUCK,37.743923082100004,-122.43720578
289,Structure Fire,MEDIC,37.7986027829,-122.42314860209999
4378,Structure Fire,TRUCK,37.743923082100004,-122.43720578
292,Structure Fire,CHIEF,37.7852173616,-122.4170696114
7169,Structure Fire,TRUCK,37.748237394,-122.4091747167
768,Structure Fire,CHIEF,37.7833590027,-122.416694944
293,Structure Fire,CHIEF,37.7904950228,-122.40235333700001
6955,Structure Fire,CHIEF,37.8008661593,-122.4354271774
2683,Structure Fire,TRUCK,37.7537685477,-122.48718301209999
6956,Structure Fire,CHIEF,37.731677271799995,-122.39899409200001
298,Structure Fire,TRUCK,37.7164595473,-122.4410195602
6606,Structure Fire,TRUCK,37.7777124404,-122.4127367074
4694,Structure Fire,ENGINE,37.7790321327,-122.40184327440001
3080,Structure Fire,TRUCK,37.8044072929,-122.4133588631
4693,Structure Fire,ENGINE,37.7892141357,-122.4464639892
6607,Structure Fire,TRUCK,37.7623547484,-122.4373423684
2870,Structure Fire,ENGINE,37.8044072929,-122.4133588631
6609,Structure Fire,TRUCK,37.786409613800004,-122.40803623629999
4687,Structure Fire,TRUCK,37.7345987087,-122.39034455049999
751,Structure Fire,ENGINE,37.7752607728,-122.4194312298
4388,Structure Fire,ENGINE,37.7892141357,-122.4464639892
747,Structure Fire,RESCUE SQUAD,37.755998442,-122.4094330698
4685,Structure Fire,ENGINE,37.7875021793,-122.45278022049999
3088,Structure Fire,RESCUE SQUAD,37.8044072929,-122.4133588631
313,Structure Fire,MEDIC,37.7852173616,-122.4170696114
3089,Structure Fire,CHIEF,37.766428605,-122.45210996360001
5090,Structure Fire,TRUCK,37.777104530500004,-122.3927504061
2865,Structure Fire,ENGINE,37.766428605,-122.45210996360001
759,Structure Fire,ENGINE,37.755998442,-122.4094330698
3079,Structure Fire,ENGINE,37.805310937899996,-122.4126983591
4708,Structure Fire,ENGINE,37.7892141357,-122.4464639892
9702,Structure Fire,RESCUE SQUAD,37.7860598457,-122.4146435929
806,Structure Fire,CHIEF,37.770259234,-122.4318322999
9743,Structure Fire,ENGINE,37.7661343875,-122.42193507719999
7186,Structure Fire,TRUCK,37.7804578378,-122.4286905391
4738,Structure Fire,CHIEF,37.7690761306,-122.4471672894
4736,Structure Fire,ENGINE,37.7345987087,-122.39034455049999
7183,Structure Fire,CHIEF,37.7804578378,-122.4286905391
6751,Structure Fire,ENGINE,37.7866710638,-122.4509262583
798,Structure Fire,ENGINE,37.7852173616,-122.4170696114
6936,Structure Fire,CHIEF,37.7851285057,-122.4144553687
3213,Structure Fire,ENGINE,37.766428605,-122.45210996360001
796,Structure Fire,ENGINE,37.770259234,-122.4318322999
4730,Structure Fire,TRUCK,37.7345987087,-122.39034455049999
9733,Structure Fire,CHIEF,37.7121958423,-122.4208388501
4723,Structure Fire,TRUCK,37.786409613800004,-122.40803623629999
252,Structure Fire,TRUCK,37.8076904932,-122.4123295588
7180,Structure Fire,ENGINE,37.7804578378,-122.4286905391
9725,Structure Fire,CHIEF,37.7860598457,-122.4146435929
3210,Structure Fire,TRUCK,37.7848662437,-122.4127821283
535,Structure Fire,ENGINE,37.7904950228,-122.40235333700001
9724,Structure Fire,CHIEF,37.7862684417,-122.41299723590001
6747,Structure Fire,MEDIC,37.748237394,-122.4091747167
6745,Structure Fire,ENGINE,37.7956493532,-122.4132086268
6744,Structure Fire,TRUCK,37.7807191769,-122.4153156165
260,Structure Fire,ENGINE,37.7852173616,-122.4170696114
262,Structure Fire,CHIEF,37.774283836500004,-122.4670880868
4370,Structure Fire,ENGINE,37.7345987087,-122.39034455049999
782,Structure Fire,ENGINE,37.770259234,-122.4318322999
267,Structure Fire,CHIEF,37.7833590027,-122.416694944
778,Structure Fire,TRUCK,37.7752607728,-122.4194312298
744,Structure Fire,CHIEF,37.7986027829,-122.42314860209999
668,Structure Fire,CHIEF,37.7833590027,-122.416694944
743,Structure Fire,TRUCK,37.7606516284,-122.4132236774
319,Structure Fire,MEDIC,37.755998442,-122.4094330698
709,Structure Fire,ENGINE,37.755998442,-122.4094330698
5118,Structure Fire,ENGINE,37.7352738344,-122.39141347030001
6985,Structure Fire,TRUCK,37.7904949924,-122.4087846268
5120,Structure Fire,CHIEF,37.7498363176,-122.41828053889999
706,Structure Fire,RESCUE SQUAD,37.7833590027,-122.416694944
9620,Structure Fire,ENGINE,37.7121958423,-122.4208388501
4423,Structure Fire,TRUCK,37.8044382972,-122.41160547610001
5346,Structure Fire,CHIEF,37.7949460514,-122.4291558531
6621,Structure Fire,RESCUE SQUAD,37.7866710638,-122.4509262583
6986,Structure Fire,ENGINE,37.7804578378,-122.4286905391
6988,Structure Fire,ENGINE,37.7893692677,-122.3918582914
2707,Structure Fire,ENGINE,37.786409613800004,-122.40803623629999
9614,Structure Fire,CHIEF,37.7862684417,-122.41299723590001
351,Structure Fire,TRUCK,37.7986027829,-122.42314860209999
4430,Structure Fire,CHIEF,37.7875021793,-122.45278022049999
9607,Structure Fire,RESCUE SQUAD,37.7121958423,-122.4208388501
7130,Structure Fire,ENGINE,37.7866710638,-122.4509262583
6995,Structure Fire,CHIEF,37.7851285057,-122.4144553687
374,Structure Fire,ENGINE,37.770259234,-122.4318322999
2837,Structure Fire,TRUCK,37.795312940900004,-122.3979747506
5333,Structure Fire,CHIEF,37.777104530500004,-122.3927504061
4440,Structure Fire,CHIEF,37.7345987087,-122.39034455049999
380,Structure Fire,ENGINE,37.786409613800004,-122.40803623629999
2714,Structure Fire,TRUCK,37.7848662437,-122.4127821283
5328,Structure Fire,TRUCK,37.7352738344,-122.39141347030001
382,Structure Fire,TRUCK,37.786409613800004,-122.40803623629999
674,Structure Fire,ENGINE,37.7606516284,-122.4132236774
9586,Structure Fire,TRUCK,37.7269256804,-122.43096518760001
364,Structure Fire,CHIEF,37.770259234,-122.4318322999
4418,Structure Fire,CHIEF,37.7690761306,-122.4471672894
712,Structure Fire,TRUCK,37.795312940900004,-122.3979747506
350,Structure Fire,TRUCK,37.770259234,-122.4318322999
7156,Structure Fire,RESCUE CAPTAIN,37.7804578378,-122.4286905391
330,Structure Fire,ENGINE,37.774283836500004,-122.4670880868
4662,Structure Fire,TRUCK,37.7875021793,-122.45278022049999
333,Structure Fire,CHIEF,37.755998442,-122.4094330698
9649,Structure Fire,TRUCK,37.7331175479,-122.45764100299999
738,Structure Fire,CHIEF,37.770259234,-122.4318322999
2695,Structure Fire,CHIEF,37.805310937899996,-122.4126983591
5367,Structure Fire,ENGINE,37.7949460514,-122.4291558531
5108,Structure Fire,ENGINE,37.7949460514,-122.4291558531
7151,Structure Fire,CHIEF,37.8008661593,-122.4354271774
9643,Structure Fire,CHIEF,37.7860598457,-122.4146435929
7150,Structure Fire,TRUCK,37.7909199784,-122.4325616508
6979,Structure Fire,ENGINE,37.7804578378,-122.4286905391
5110,Structure Fire,ENGINE,37.7352738344,-122.39141347030001
724,Structure Fire,TRUCK,37.755998442,-122.4094330698
5362,Structure Fire,ENGINE,37.773100586999995,-122.41556138989999
7148,Structure Fire,ENGINE,37.8032482745,-122.4434396676
3099,Structure Fire,CHIEF,37.7848662437,-122.4127821283
721,Structure Fire,ENGINE,37.786409613800004,-122.40803623629999
4407,Structure Fire,TRUCK,37.7875021793,-122.45278022049999
7147,Structure Fire,ENGINE,37.7851285057,-122.4144553687
9639,Structure Fire,ENGINE,37.7862684417,-122.41299723590001
9246,Structure Fire,ENGINE,37.7331175479,-122.45764100299999
6981,Structure Fire,ENGINE,37.7904949924,-122.4087846268
4653,Structure Fire,ENGINE,37.7637491607,-122.4942673831
2700,Structure Fire,RESCUE SQUAD,37.805310937899996,-122.4126983591
9251,Structure Fire,TRUCK,37.7860598457,-122.4146435929
4651,Structure Fire,CHIEF,37.743923082100004,-122.43720578
9629,Structure Fire,MEDIC,37.7121958423,-122.4208388501
5375,Structure Fire,MEDIC,37.777104530500004,-122.3927504061
9458,Structure Fire,ENGINE,37.7862684417,-122.41299723590001
7733,Structure Fire,CHIEF,37.7785052219,-122.47709987430001
8324,Structure Fire,ENGINE,37.7553430955,-122.40668105729999
2354,Structure Fire,ENGINE,37.786409613800004,-122.40803623629999
6381,Structure Fire,CHIEF,37.7777124404,-122.4127367074
1601,Structure Fire,ENGINE,37.7334230297,-122.482013815
2351,Structure Fire,ENGINE,37.7877942875,-122.4035297284
1605,Structure Fire,ENGINE,37.7334230297,-122.482013815
1606,Structure Fire,TRUCK,37.781595587199995,-122.4121906699
5901,Structure Fire,ENGINE,37.729896036599996,-122.4561633416
7523,Structure Fire,TRUCK,37.769378663699996,-122.45186572610001
8307,Structure Fire,ENGINE,37.7697978509,-122.4485788148
5905,Structure Fire,CHIEF,37.7623547484,-122.4373423684
3877,Structure Fire,CHIEF,37.783730040900004,-122.41375367049999
5907,Structure Fire,MEDIC,37.729896036599996,-122.4561633416
8286,Structure Fire,ENGINE,37.769378663699996,-122.45186572610001
3875,Structure Fire,MEDIC,37.783730040900004,-122.41375367049999
3874,Structure Fire,ENGINE,37.7501075459,-122.4137792289
3873,Structure Fire,TRUCK,37.750903790100004,-122.4339790692
1628,Structure Fire,TRUCK,37.7113797074,-122.45034108440001
7530,Structure Fire,RESCUE SQUAD,37.783138714699994,-122.4259287399
1613,Structure Fire,TRUCK,37.7403329887,-122.46644858239999
1594,Structure Fire,ENGINE,37.795312940900004,-122.3979747506
3890,Structure Fire,ENGINE,37.750903790100004,-122.4339790692
5892,Structure Fire,TRUCK,37.7702101749,-122.4453449892
1564,Structure Fire,CHIEF,37.7726948237,-122.4221882614
5883,Structure Fire,CHIEF,37.729896036599996,-122.4561633416
1567,Structure Fire,TRUCK,37.7921084009,-122.4009330839
5885,Structure Fire,RESCUE SQUAD,37.7623547484,-122.4373423684
1573,Structure Fire,RESCUE SQUAD,37.7726948237,-122.4221882614
1575,Structure Fire,CHIEF,37.7655967523,-122.4477975209
1576,Structure Fire,ENGINE,37.738239292399996,-122.5000577788
1577,Structure Fire,ENGINE,37.7403329887,-122.46644858239999
8328,Structure Fire,CHIEF,37.7185715444,-122.4286417517
7512,Structure Fire,CHIEF,37.7725827939,-122.4304632442
7305,Structure Fire,ENGINE,37.7851285057,-122.4144553687
8322,Structure Fire,MEDIC,37.772283176900004,-122.4271795682
1583,Structure Fire,CHIEF,37.7113797074,-122.45034108440001
8319,Structure Fire,RESCUE SQUAD,37.7785052219,-122.47709987430001
2360,Structure Fire,TRUCK,37.7877867423,-122.40307088680001
8317,Structure Fire,ENGINE,37.7697978509,-122.4485788148
1588,Structure Fire,SUPPORT,37.7403329887,-122.46644858239999
1590,Structure Fire,TRUCK,37.7978223016,-122.4070161645
1591,Structure Fire,ENGINE,37.7403329887,-122.46644858239999
8275,Structure Fire,TRUCK,37.7697978509,-122.4485788148
1631,Structure Fire,ENGINE,37.7655967523,-122.4477975209
3867,Structure Fire,CHIEF,37.804281564,-122.41710095040001
1635,Structure Fire,MEDIC,37.7689033402,-122.45183913870001
1681,Structure Fire,TRUCK,37.7857402819,-122.4138042679
8225,Structure Fire,TRUCK,37.7697978509,-122.4485788148
1682,Structure Fire,RESCUE SQUAD,37.7717364636,-122.4236734117
8223,Structure Fire,TRUCK,37.786409613800004,-122.40803623629999
1686,Structure Fire,RESCUE SQUAD,37.7403329887,-122.46644858239999
8219,Structure Fire,TRUCK,37.7681974804,-122.43564019290001
1689,Structure Fire,INVESTIGATION,37.7403329887,-122.46644858239999
1690,Structure Fire,INVESTIGATION,37.7717364636,-122.4236734117
8214,Structure Fire,ENGINE,37.783138714699994,-122.4259287399
8213,Structure Fire,ENGINE,37.786409613800004,-122.40803623629999
3839,Structure Fire,TRUCK,37.804281564,-122.41710095040001
3440,Structure Fire,ENGINE,37.759027747800005,-122.4391673085
8207,Structure Fire,TRUCK,37.7185715444,-122.4286417517
8202,Structure Fire,CHIEF,37.7185715444,-122.4286417517
1704,Structure Fire,CHIEF,37.7910283417,-122.420848621
2320,Structure Fire,MEDIC,37.7842056749,-122.4076127318
8191,Structure Fire,TRUCK,37.7553430955,-122.40668105729999
7553,Structure Fire,TRUCK,37.7785052219,-122.47709987430001
3826,Structure Fire,CHIEF,37.750903790100004,-122.4339790692
1679,Structure Fire,CHIEF,37.7689033402,-122.45183913870001
1563,Structure Fire,ENGINE,37.7877942875,-122.4035297284
8230,Structure Fire,INVESTIGATION,37.7553430955,-122.40668105729999
1676,Structure Fire,CHIEF,37.7334230297,-122.482013815
1637,Structure Fire,MEDIC,37.7334230297,-122.482013815
7534,Structure Fire,RESCUE SQUAD,37.772283176900004,-122.4271795682
3859,Structure Fire,CHIEF,37.781199994,-122.4303648882
3857,Structure Fire,ENGINE,37.750903790100004,-122.4339790692
1649,Structure Fire,TRUCK,37.7740433259,-122.41436769219999
1651,Structure Fire,TRUCK,37.7403329887,-122.46644858239999
5928,Structure Fire,TRUCK,37.7623547484,-122.4373423684
2336,Structure Fire,ENGINE,37.7921084009,-122.4009330839
8252,Structure Fire,ENGINE,37.7796660426,-122.4137112207
3852,Structure Fire,ENGINE,37.804281564,-122.41710095040001
3848,Structure Fire,ENGINE,37.783828604200004,-122.4394666824
3845,Structure Fire,TRUCK,37.783730040900004,-122.41375367049999
1667,Structure Fire,ENGINE,37.7113797074,-122.45034108440001
1668,Structure Fire,CHIEF,37.738239292399996,-122.5000577788
1671,Structure Fire,CHIEF,37.7334230297,-122.482013815
1672,Structure Fire,TRUCK,37.7878721677,-122.4116992333
1673,Structure Fire,CHIEF,37.7726948237,-122.4221882614
1674,Structure Fire,TRUCK,37.7403329887,-122.46644858239999
8233,Structure Fire,ENGINE,37.7979051469,-122.4102914967
1677,Structure Fire,CHIEF,37.7403329887,-122.46644858239999
5882,Structure Fire,TRUCK,37.7695927063,-122.4166884859
5877,Structure Fire,RESCUE SQUAD,37.7777124404,-122.4127367074
8348,Structure Fire,MEDIC,37.7553430955,-122.40668105729999
1451,Structure Fire,ENGINE,37.7655967523,-122.4477975209
1452,Structure Fire,TRUCK,37.7655967523,-122.4477975209
8462,Structure Fire,ENGINE,37.782723970300005,-122.396167865
8461,Structure Fire,ENGINE,37.782723970300005,-122.396167865
3953,Structure Fire,CHIEF,37.804281564,-122.41710095040001
8456,Structure Fire,CHIEF,37.7807920803,-122.4083857455
3950,Structure Fire,ENGINE,37.804281564,-122.41710095040001
1463,Structure Fire,TRUCK,37.7740433259,-122.41436769219999
8451,Structure Fire,MEDIC,37.782723970300005,-122.396167865
6411,Structure Fire,ENGINE,37.7777124404,-122.4127367074
8449,Structure Fire,ENGINE,37.783287852,-122.4089521601
1468,Structure Fire,CHIEF,37.738239292399996,-122.5000577788
5827,Structure Fire,CHIEF,37.7949460514,-122.4291558531
3393,Structure Fire,CHIEF,37.7850617371,-122.4264301277
1475,Structure Fire,RESCUE SQUAD,37.7403329887,-122.46644858239999
7482,Structure Fire,ENGINE,37.7851285057,-122.4144553687
6407,Structure Fire,ENGINE,37.778632036,-122.43176322149999
1479,Structure Fire,TRUCK,37.7790321327,-122.40184327440001
3939,Structure Fire,ENGINE,37.781904293400004,-122.4173105329
3958,Structure Fire,TRUCK,37.781199994,-122.4303648882
2388,Structure Fire,TRUCK,37.726236245,-122.4336235923
7472,Structure Fire,ENGINE,37.8008661593,-122.4354271774
8473,Structure Fire,TRUCK,37.7917690748,-122.4294268467
1415,Structure Fire,ENGINE,37.7698769654,-122.4204257463
1417,Structure Fire,CHIEF,37.781595587199995,-122.4121906699
7461,Structure Fire,CHIEF,37.748237394,-122.4091747167
8503,Structure Fire,ENGINE,37.752239455,-122.41844527290002
8499,Structure Fire,CHIEF,37.764836265700005,-122.469656988
3973,Structure Fire,TRUCK,37.781904293400004,-122.4173105329
1423,Structure Fire,ENGINE,37.738239292399996,-122.5000577788
1425,Structure Fire,CHIEF,37.738239292399996,-122.5000577788
1426,Structure Fire,ENGINE,37.7689033402,-122.45183913870001
8492,Structure Fire,ENGINE,37.7753322431,-122.3972063106
2408,Structure Fire,CHIEF,37.7842056749,-122.4076127318
8486,Structure Fire,RESCUE SQUAD,37.7917690748,-122.4294268467
1434,Structure Fire,ENGINE,37.7403329887,-122.46644858239999
1435,Structure Fire,CHIEF,37.7857402819,-122.4138042679
3386,Structure Fire,TRUCK,37.774125100300004,-122.41881021180001
2403,Structure Fire,ENGINE,37.7877867423,-122.40307088680001
1439,Structure Fire,RESCUE SQUAD,37.7655967523,-122.4477975209
6415,Structure Fire,RESCUE SQUAD,37.729896036599996,-122.4561633416
3961,Structure Fire,MEDIC,37.781199994,-122.4303648882
2400,Structure Fire,ENGINE,37.7842056749,-122.4076127318
7556,Structure Fire,TRUCK,37.7877867423,-122.40307088680001
7485,Structure Fire,TRUCK,37.781904293400004,-122.4173105329
1488,Structure Fire,ENGINE,37.7451009984,-122.39218234129999
1520,Structure Fire,CHIEF,37.781595587199995,-122.4121906699
5856,Structure Fire,ENGINE,37.777104530500004,-122.3927504061
1525,Structure Fire,RESCUE SQUAD,37.738239292399996,-122.5000577788
1526,Structure Fire,SUPPORT,37.781595587199995,-122.4121906699
3915,Structure Fire,RESCUE SQUAD,37.781199994,-122.4303648882
3914,Structure Fire,CHIEF,37.804281564,-122.41710095040001
1529,Structure Fire,TRUCK,37.7689033402,-122.45183913870001
8377,Structure Fire,CHIEF,37.7785052219,-122.47709987430001
3402,Structure Fire,RESCUE SQUAD,37.750903790100004,-122.4339790692
1535,Structure Fire,PRIVATE,37.7857402819,-122.4138042679
8367,Structure Fire,ENGINE,37.772283176900004,-122.4271795682
8363,Structure Fire,TRUCK,37.7695927063,-122.4166884859
1543,Structure Fire,TRUCK,37.7650513382,-122.41966897389999
5870,Structure Fire,TRUCK,37.7702101749,-122.4453449892
1550,Structure Fire,TRUCK,37.7655967523,-122.4477975209
7506,Structure Fire,ENGINE,37.7553430955,-122.40668105729999
5875,Structure Fire,TRUCK,37.729896036599996,-122.4561633416
1555,Structure Fire,ENGINE,37.7689033402,-122.45183913870001
8349,Structure Fire,TRUCK,37.7907035506,-122.40071797559999
3919,Structure Fire,ENGINE,37.7820569373,-122.4273963973
3932,Structure Fire,ENGINE,37.781199994,-122.4303648882
3920,Structure Fire,TRUCK,37.7852197348,-122.40667465899999
8397,Structure Fire,MEDIC,37.7807920803,-122.4083857455
8428,Structure Fire,CHIEF,37.7219049199,-122.4546170251
8426,Structure Fire,TRUCK,37.764836265700005,-122.469656988
1490,Structure Fire,ENGINE,37.7403329887,-122.46644858239999
6406,Structure Fire,ENGINE,37.7697978509,-122.4485788148
8420,Structure Fire,TRUCK,37.782723970300005,-122.396167865
8416,Structure Fire,ENGINE,37.7872979199,-122.4098339402
1496,Structure Fire,CHIEF,37.7334230297,-122.482013815
1497,Structure Fire,ENGINE,37.7403329887,-122.46644858239999
2384,Structure Fire,TRUCK,37.7806811029,-122.4717754585
2383,Structure Fire,ENGINE,37.7877867423,-122.40307088680001
2382,Structure Fire,ENGINE,37.7806811029,-122.4717754585
1501,Structure Fire,MEDIC,37.7857402819,-122.4138042679
5845,Structure Fire,RESCUE SQUAD,37.7949460514,-122.4291558531
8408,Structure Fire,TRUCK,37.7808106501,-122.49009472739999
8406,Structure Fire,ENGINE,37.7697978509,-122.4485788148
3925,Structure Fire,CHIEF,37.781199994,-122.4303648882
8403,Structure Fire,ENGINE,37.764836265700005,-122.469656988
5849,Structure Fire,TRUCK,37.7765408927,-122.4175014649
1510,Structure Fire,TRUCK,37.7698769654,-122.4204257463
8395,Structure Fire,ENGINE,37.7219049199,-122.4546170251
1725,Structure Fire,ENGINE,37.7921084009,-122.4009330839
5964,Structure Fire,TRUCK,37.7266259743,-122.4498791575
8175,Structure Fire,ENGINE,37.783138714699994,-122.4259287399
2203,Structure Fire,ENGINE,37.795312940900004,-122.3979747506
2005,Structure Fire,RESCUE SQUAD,37.7910283417,-122.420848621
6141,Structure Fire,CHIEF,37.7266259743,-122.4498791575
2008,Structure Fire,ENGINE,37.7790321327,-122.40184327440001
7893,Structure Fire,RESCUE SQUAD,37.7553430955,-122.40668105729999
7891,Structure Fire,ENGINE,37.7697978509,-122.4485788148
3661,Structure Fire,TRUCK,37.7850617371,-122.4264301277
3659,Structure Fire,TRUCK,37.7921084009,-122.4009330839
2021,Structure Fire,ENGINE,37.7877942875,-122.4035297284
3656,Structure Fire,ENGINE,37.7850617371,-122.4264301277
7873,Structure Fire,CHIEF,37.772283176900004,-122.4271795682
3655,Structure Fire,CHIEF,37.750903790100004,-122.4339790692
2033,Structure Fire,MEDIC,37.7910283417,-122.420848621
7682,Structure Fire,ENGINE,37.7185715444,-122.4286417517
3645,Structure Fire,ENGINE,37.783287852,-122.4089521601
3642,Structure Fire,TRUCK,37.781199994,-122.4303648882
3641,Structure Fire,TRUCK,37.750903790100004,-122.4339790692
7852,Structure Fire,ENGINE,37.7553430955,-122.40668105729999
7690,Structure Fire,ENGINE,37.7785052219,-122.47709987430001
7900,Structure Fire,CHIEF,37.783138714699994,-122.4259287399
2186,Structure Fire,ENGINE,37.7910283417,-122.420848621
2002,Structure Fire,TRUCK,37.796703902800004,-122.4084308882
1997,Structure Fire,TRUCK,37.7877867423,-122.40307088680001
2232,Structure Fire,TRUCK,37.7877942875,-122.4035297284
6097,Structure Fire,ENGINE,37.729896036599996,-122.4561633416
3514,Structure Fire,ENGINE,37.781199994,-122.4303648882
3518,Structure Fire,MEDIC,37.783730040900004,-122.41375367049999
2222,Structure Fire,ENGINE,37.7697978509,-122.4485788148
1957,Structure Fire,TRUCK,37.7257265963,-122.432419861
1959,Structure Fire,TRUCK,37.7921084009,-122.4009330839
3691,Structure Fire,ENGINE,37.7501075459,-122.4137792289
7939,Structure Fire,ENGINE,37.7785052219,-122.47709987430001
1965,Structure Fire,CHIEF,37.7910283417,-122.420848621
1967,Structure Fire,ENGINE,37.7257265963,-122.432419861
6116,Structure Fire,CHIEF,37.7659363283,-122.4309626357
3685,Structure Fire,ENGINE,37.783730040900004,-122.41375367049999
3527,Structure Fire,ENGINE,37.7921084009,-122.4009330839
7916,Structure Fire,TRUCK,37.7697978509,-122.4485788148
6279,Structure Fire,ENGINE,37.7801930305,-122.4270167578
1991,Structure Fire,CHIEF,37.7842056749,-122.4076127318
1992,Structure Fire,ENGINE,37.796703902800004,-122.4084308882
3673,Structure Fire,MEDIC,37.804281564,-122.41710095040001
3670,Structure Fire,ENGINE,37.774125100300004,-122.41881021180001
3711,Structure Fire,ENGINE,37.7852197348,-122.40667465899999
7842,Structure Fire,TRUCK,37.7785052219,-122.47709987430001
6176,Structure Fire,ENGINE,37.7623547484,-122.4373423684
6250,Structure Fire,ENGINE,37.7777124404,-122.4127367074
3555,Structure Fire,TRUCK,37.783828604200004,-122.4394666824
7780,Structure Fire,TRUCK,37.7796660426,-122.4137112207
6215,Structure Fire,ENGINE,37.7702101749,-122.4453449892
3591,Structure Fire,CHIEF,37.7501075459,-122.4137792289
7772,Structure Fire,ENGINE,37.7269256804,-122.43096518760001
3559,Structure Fire,CHIEF,37.781199994,-122.4303648882
2122,Structure Fire,TRUCK,37.7842056749,-122.4076127318
7767,Structure Fire,MEDIC,37.7785052219,-122.47709987430001
6223,Structure Fire,ENGINE,37.7779770861,-122.4093870071
2134,Structure Fire,ENGINE,37.795312940900004,-122.3979747506
7754,Structure Fire,TRUCK,37.783138714699994,-122.4259287399
7753,Structure Fire,ENGINE,37.7553430955,-122.40668105729999
7752,Structure Fire,ENGINE,37.7725827939,-122.4304632442
7745,Structure Fire,TRUCK,37.772283176900004,-122.4271795682
7744,Structure Fire,TRUCK,37.7921084009,-122.4009330839
7739,Structure Fire,MEDIC,37.7681974804,-122.43564019290001
2145,Structure Fire,TRUCK,37.795312940900004,-122.3979747506
6235,Structure Fire,ENGINE,37.7695927063,-122.4166884859
3596,Structure Fire,CHIEF,37.7852197348,-122.40667465899999
2185,Structure Fire,TRUCK,37.7790321327,-122.40184327440001
7784,Structure Fire,ENGINE,37.783138714699994,-122.4259287399
7790,Structure Fire,ENGINE,37.7907035506,-122.40071797559999
7693,Structure Fire,CHIEF,37.7553430955,-122.40668105729999
3631,Structure Fire,ENGINE,37.783287852,-122.4089521601
7694,Structure Fire,MEDIC,37.783138714699994,-122.4259287399
6180,Structure Fire,TRUCK,37.7779770861,-122.4093870071
2183,Structure Fire,TRUCK,37.786409613800004,-122.40803623629999
6262,Structure Fire,TRUCK,37.7659363283,-122.4309626357
7828,Structure Fire,CHIEF,37.7185715444,-122.4286417517
6184,Structure Fire,TRUCK,37.7697978509,-122.4485788148
7699,Structure Fire,CHIEF,37.7725827939,-122.4304632442
7822,Structure Fire,ENGINE,37.7302523415,-122.43748575309999
7820,Structure Fire,TRUCK,37.7302523415,-122.43748575309999
6189,Structure Fire,ENGINE,37.7702101749,-122.4453449892
3547,Structure Fire,TRUCK,37.804281564,-122.41710095040001
7812,Structure Fire,MEDIC,37.7185715444,-122.4286417517
6257,Structure Fire,ENGINE,37.7650513382,-122.41966897389999
3614,Structure Fire,PRIVATE,37.774125100300004,-122.41881021180001
3611,Structure Fire,TRUCK,37.786409613800004,-122.40803623629999
3609,Structure Fire,TRUCK,37.783730040900004,-122.41375367049999
3553,Structure Fire,ENGINE,37.7850617371,-122.4264301277
6208,Structure Fire,ENGINE,37.7266259743,-122.4498791575
1412,Structure Fire,CHIEF,37.7403329887,-122.46644858239999
6091,Structure Fire,ENGINE,37.7616059154,-122.4791361595
7979,Structure Fire,ENGINE,37.772283176900004,-122.4271795682
1773,Structure Fire,ENGINE,37.7877867423,-122.40307088680001
5994,Structure Fire,TRUCK,37.7777124404,-122.4127367074
8125,Structure Fire,ENGINE,37.7921084009,-122.4009330839
8124,Structure Fire,CHIEF,37.7785052219,-122.47709987430001
3800,Structure Fire,ENGINE,37.781904293400004,-122.4173105329
8120,Structure Fire,TRUCK,37.7185715444,-122.4286417517
1782,Structure Fire,ENGINE,37.7842056749,-122.4076127318
6346,Structure Fire,MEDIC,37.7623547484,-122.4373423684
2298,Structure Fire,INVESTIGATION,37.7842056749,-122.4076127318
2296,Structure Fire,ENGINE,37.7601012943,-122.4214252126
6007,Structure Fire,ENGINE,37.786409613800004,-122.40803623629999
6010,Structure Fire,CHIEF,37.729896036599996,-122.4561633416
3787,Structure Fire,MEDIC,37.7501075459,-122.4137792289
8100,Structure Fire,MEDIC,37.7725827939,-122.4304632442
1800,Structure Fire,ENGINE,37.7740433259,-122.41436769219999
1802,Structure Fire,ENGINE,37.789016335599996,-122.4102424393
7585,Structure Fire,TRUCK,37.7800186669,-122.4169261749
8093,Structure Fire,ENGINE,37.7725827939,-122.4304632442
6016,Structure Fire,CHIEF,37.7623547484,-122.4373423684
3455,Structure Fire,RESCUE SQUAD,37.7501075459,-122.4137792289
8086,Structure Fire,PRIVATE,37.783138714699994,-122.4259287399
5987,Structure Fire,MEDIC,37.7777124404,-122.4127367074
1764,Structure Fire,ENGINE,37.726236245,-122.4336235923
8173,Structure Fire,TRUCK,37.772283176900004,-122.4271795682
1733,Structure Fire,TRUCK,37.795312940900004,-122.3979747506
8169,Structure Fire,CHIEF,37.783138714699994,-122.4259287399
5968,Structure Fire,TRUCK,37.778632036,-122.43176322149999
8166,Structure Fire,ENGINE,37.7695927063,-122.4166884859
1739,Structure Fire,TRUCK,37.789016335599996,-122.4102424393
8163,Structure Fire,ENGINE,37.772283176900004,-122.4271795682
8162,Structure Fire,ENGINE,37.7681974804,-122.43564019290001
5971,Structure Fire,ENGINE,37.7702101749,-122.4453449892
5973,Structure Fire,ENGINE,37.7623547484,-122.4373423684
3818,Structure Fire,ENGINE,37.7820569373,-122.4273963973
8157,Structure Fire,CHIEF,37.7681974804,-122.43564019290001
1745,Structure Fire,ENGINE,37.7910283417,-122.420848621
7560,Structure Fire,ENGINE,37.7785052219,-122.47709987430001
8152,Structure Fire,CHIEF,37.7553430955,-122.40668105729999
8147,Structure Fire,RESCUE SQUAD,37.7725827939,-122.4304632442
3813,Structure Fire,TRUCK,37.783287852,-122.4089521601
7563,Structure Fire,CHIEF,37.772283176900004,-122.4271795682
5983,Structure Fire,ENGINE,37.7659363283,-122.4309626357
2310,Structure Fire,TRUCK,37.786409613800004,-122.40803623629999
6300,Structure Fire,ENGINE,37.729896036599996,-122.4561633416
8085,Structure Fire,ENGINE,37.783138714699994,-122.4259287399
8078,Structure Fire,ENGINE,37.7725827939,-122.4304632442
6061,Structure Fire,CHIEF,37.7623547484,-122.4373423684
3741,Structure Fire,ENGINE,37.786409613800004,-122.40803623629999
7619,Structure Fire,ENGINE,37.763500703000005,-122.434209629
8013,Structure Fire,TRUCK,37.7979051469,-122.4102914967
1888,Structure Fire,TRUCK,37.7921084009,-122.4009330839
1890,Structure Fire,ENGINE,37.7842056749,-122.4076127318
7620,Structure Fire,RESCUE SQUAD,37.7185715444,-122.4286417517
8003,Structure Fire,ENGINE,37.7185715444,-122.4286417517
3733,Structure Fire,ENGINE,37.7852197348,-122.40667465899999
7626,Structure Fire,CHIEF,37.7725827939,-122.4304632442
1903,Structure Fire,TRUCK,37.7740433259,-122.41436769219999
2246,Structure Fire,CHIEF,37.7842056749,-122.4076127318
7993,Structure Fire,TRUCK,37.7553430955,-122.40668105729999
3502,Structure Fire,TRUCK,37.783287852,-122.4089521601
7990,Structure Fire,ENGINE,37.7979051469,-122.4102914967
7989,Structure Fire,TRUCK,37.763500703000005,-122.434209629
7985,Structure Fire,ENGINE,37.7877867423,-122.40307088680001
7635,Structure Fire,TRUCK,37.783138714699994,-122.4259287399
7636,Structure Fire,TRUCK,37.7725827939,-122.4304632442
3744,Structure Fire,TRUCK,37.759027747800005,-122.4391673085
1815,Structure Fire,TRUCK,37.7601012943,-122.4214252126
1874,Structure Fire,CHIEF,37.7868468973,-122.4620125818
8026,Structure Fire,CHIEF,37.7553430955,-122.40668105729999
1821,Structure Fire,ENGINE,37.7868468973,-122.4620125818
1825,Structure Fire,CHIEF,37.7910283417,-122.420848621
1827,Structure Fire,ENGINE,37.7877942875,-122.4035297284
1833,Structure Fire,ENGINE,37.7910283417,-122.420848621
6032,Structure Fire,ENGINE,37.786409613800004,-122.40803623629999
3768,Structure Fire,TRUCK,37.7852197348,-122.40667465899999
1837,Structure Fire,ENGINE,37.7877867423,-122.40307088680001
6035,Structure Fire,TRUCK,37.7650513382,-122.41966897389999
1841,Structure Fire,CHIEF,37.7257265963,-122.432419861
3480,Structure Fire,ENGINE,37.750903790100004,-122.4339790692
3482,Structure Fire,TRUCK,37.7850617371,-122.4264301277
8047,Structure Fire,TRUCK,37.7269256804,-122.43096518760001
6323,Structure Fire,ENGINE,37.7777124404,-122.4127367074
8045,Structure Fire,ENGINE,37.7800186669,-122.4169261749
6044,Structure Fire,TRUCK,37.7616059154,-122.4791361595
8042,Structure Fire,ENGINE,37.7185715444,-122.4286417517
8041,Structure Fire,TRUCK,37.7725827939,-122.4304632442
2265,Structure Fire,RESCUE SQUAD,37.7842056749,-122.4076127318
1859,Structure Fire,TRUCK,37.7697978509,-122.4485788148
7614,Structure Fire,CHIEF,37.772283176900004,-122.4271795682
7457,Structure Fire,ENGINE,37.7956493532,-122.4132086268
3293,Structure Fire,TRUCK,37.7852197348,-122.40667465899999
1170,Structure Fire,ENGINE,37.7403329887,-122.46644858239999
4035,Structure Fire,TRUCK,37.7820569373,-122.4273963973
7323,Structure Fire,INVESTIGATION,37.7956493532,-122.4132086268
1315,Structure Fire,ENGINE,37.7403329887,-122.46644858239999
1312,Structure Fire,TRUCK,37.738239292399996,-122.5000577788
8837,Structure Fire,MEDIC,37.7219049199,-122.4546170251
7350,Structure Fire,CHIEF,37.8032482745,-122.4434396676
5640,Structure Fire,MEDIC,37.7352738344,-122.39141347030001
1233,Structure Fire,CHIEF,37.781595587199995,-122.4121906699
4130,Structure Fire,RESCUE SQUAD,37.783730040900004,-122.41375367049999
1306,Structure Fire,CHIEF,37.7655967523,-122.4477975209
8830,Structure Fire,ENGINE,37.7807920803,-122.4083857455
7345,Structure Fire,ENGINE,37.8008661593,-122.4354271774
3353,Structure Fire,ENGINE,37.750903790100004,-122.4339790692
3303,Structure Fire,ENGINE,37.783730040900004,-122.41375367049999
1237,Structure Fire,RESCUE SQUAD,37.7334230297,-122.482013815
8620,Structure Fire,ENGINE,37.793565084099995,-122.4046134224
2535,Structure Fire,CHIEF,37.8044072929,-122.4133588631
8622,Structure Fire,CHIEF,37.782723970300005,-122.396167865
4157,Structure Fire,TRUCK,37.7501075459,-122.4137792289
1116,Structure Fire,ENGINE,37.7403329887,-122.46644858239999
3350,Structure Fire,CHIEF,37.783730040900004,-122.41375367049999
4123,Structure Fire,ENGINE,37.783730040900004,-122.41375367049999
7417,Structure Fire,MEDIC,37.7851285057,-122.4144553687
8697,Structure Fire,ENGINE,37.7807920803,-122.4083857455
1101,Structure Fire,RESCUE CAPTAIN,37.7403329887,-122.46644858239999
1345,Structure Fire,ENGINE,37.7740433259,-122.41436769219999
6475,Structure Fire,CHIEF,37.729896036599996,-122.4561633416
1095,Structure Fire,RESCUE CAPTAIN,37.7403329887,-122.46644858239999
6444,Structure Fire,ENGINE,37.786409613800004,-122.40803623629999
7377,Structure Fire,ENGINE,37.7684381355,-122.3974224108
1340,Structure Fire,ENGINE,37.7726948237,-122.4221882614
7427,Structure Fire,ENGINE,37.7956493532,-122.4132086268
8760,Structure Fire,ENGINE,37.7917690748,-122.4294268467
8589,Structure Fire,RESCUE SQUAD,37.764836265700005,-122.469656988
1096,Structure Fire,MEDIC,37.7717364636,-122.4236734117
8687,Structure Fire,TRUCK,37.7219049199,-122.4546170251
1334,Structure Fire,TRUCK,37.795312940900004,-122.3979747506
1331,Structure Fire,ENGINE,37.781595587199995,-122.4121906699
1177,Structure Fire,ENGINE,37.7403329887,-122.46644858239999
7354,Structure Fire,ENGINE,37.7956493532,-122.4132086268
3317,Structure Fire,ENGINE,37.7501075459,-122.4137792289
1254,Structure Fire,SUPPORT,37.7403329887,-122.46644858239999
1167,Structure Fire,ENGINE,37.738239292399996,-122.5000577788
8698,Structure Fire,TRUCK,37.793565084099995,-122.4046134224
6449,Structure Fire,ENGINE,37.7623547484,-122.4373423684
3315,Structure Fire,CHIEF,37.7852197348,-122.40667465899999
8599,Structure Fire,ENGINE,37.8078031175,-122.4190860681
7379,Structure Fire,CHIEF,37.7866710638,-122.4509262583
7318,Structure Fire,ENGINE,37.731677271799995,-122.39899409200001
1296,Structure Fire,CHIEF,37.7689033402,-122.45183913870001
7409,Structure Fire,ENGINE,37.7904949924,-122.4087846268
1269,Structure Fire,ENGINE,37.7403329887,-122.46644858239999
5624,Structure Fire,CHIEF,37.7949460514,-122.4291558531
5615,Structure Fire,ENGINE,37.7702101749,-122.4453449892
8797,Structure Fire,TRUCK,37.7219049199,-122.4546170251
8655,Structure Fire,CHIEF,37.7917690748,-122.4294268467
4065,Structure Fire,RESCUE SQUAD,37.7852197348,-122.40667465899999
1141,Structure Fire,ENGINE,37.7650513382,-122.41966897389999
8676,Structure Fire,TRUCK,37.783287852,-122.4089521601
1265,Structure Fire,ENGINE,37.7655967523,-122.4477975209
7394,Structure Fire,TRUCK,37.7851285057,-122.4144553687
7341,Structure Fire,TRUCK,37.7956493532,-122.4132086268
3307,Structure Fire,CHIEF,37.783730040900004,-122.41375367049999
5622,Structure Fire,TRUCK,37.7702101749,-122.4453449892
7338,Structure Fire,CHIEF,37.7866710638,-122.4509262583
2482,Structure Fire,TRUCK,37.7842056749,-122.4076127318
1251,Structure Fire,TRUCK,37.7726948237,-122.4221882614
7339,Structure Fire,TRUCK,37.731677271799995,-122.39899409200001
4144,Structure Fire,ENGINE,37.781199994,-122.4303648882
1136,Structure Fire,ENGINE,37.7726948237,-122.4221882614
1135,Structure Fire,SUPPORT,37.7403329887,-122.46644858239999
2483,Structure Fire,TRUCK,37.7877942875,-122.4035297284
1247,Structure Fire,MEDIC,37.7113797074,-122.45034108440001
1246,Structure Fire,TRUCK,37.7403329887,-122.46644858239999
8648,Structure Fire,CHIEF,37.782723970300005,-122.396167865
1273,Structure Fire,TRUCK,37.7857402819,-122.4138042679
3305,Structure Fire,RESCUE SQUAD,37.804281564,-122.41710095040001
1239,Structure Fire,ENGINE,37.7921084009,-122.4009330839
5630,Structure Fire,TRUCK,37.7702101749,-122.4453449892
4049,Structure Fire,ENGINE,37.7852197348,-122.40667465899999
1240,Structure Fire,MEDIC,37.7726948237,-122.4221882614
1241,Structure Fire,ENGINE,37.7717364636,-122.4236734117
8630,Structure Fire,TRUCK,37.8078031175,-122.4190860681
8817,Structure Fire,CHIEF,37.7219049199,-122.4546170251
6458,Structure Fire,TRUCK,37.7702101749,-122.4453449892
8788,Structure Fire,TRUCK,37.782723970300005,-122.396167865
7331,Structure Fire,TRUCK,37.7851285057,-122.4144553687
4051,Structure Fire,CHIEF,37.7852197348,-122.40667465899999
4053,Structure Fire,CHIEF,37.750903790100004,-122.4339790692
7405,Structure Fire,TRUCK,37.748237394,-122.4091747167
4140,Structure Fire,TRUCK,37.7501075459,-122.4137792289
8790,Structure Fire,CHIEF,37.7219049199,-122.4546170251
5626,Structure Fire,MEDIC,37.7949460514,-122.4291558531
7335,Structure Fire,ENGINE,37.7904949924,-122.4087846268
4057,Structure Fire,MEDIC,37.750903790100004,-122.4339790692
7403,Structure Fire,ENGINE,37.731677271799995,-122.39899409200001
7402,Structure Fire,ENGINE,37.7807191769,-122.4153156165
2468,Structure Fire,TRUCK,37.7877942875,-122.4035297284
7407,Structure Fire,ENGINE,37.7956493532,-122.4132086268
1348,Structure Fire,TRUCK,37.7877942875,-122.4035297284
7387,Structure Fire,CHIEF,37.7956493532,-122.4132086268
7358,Structure Fire,ENGINE,37.789016335599996,-122.4102424393
3376,Structure Fire,RESCUE SQUAD,37.7501075459,-122.4137792289
3371,Structure Fire,MEDIC,37.7852197348,-122.40667465899999
7357,Structure Fire,CHIEF,37.7851285057,-122.4144553687
5655,Structure Fire,ENGINE,37.7949460514,-122.4291558531
1215,Structure Fire,TRUCK,37.7726948237,-122.4221882614
8543,Structure Fire,ENGINE,37.782723970300005,-122.396167865
3995,Structure Fire,CHIEF,37.7501075459,-122.4137792289
5772,Structure Fire,TRUCK,37.7949460514,-122.4291558531
1198,Structure Fire,ENGINE,37.7403329887,-122.46644858239999
1066,Structure Fire,TRUCK,37.7717364636,-122.4236734117
5787,Structure Fire,RESCUE SQUAD,37.7352738344,-122.39141347030001
1401,Structure Fire,MEDIC,37.7403329887,-122.46644858239999
6434,Structure Fire,TRUCK,37.7801930305,-122.4270167578
1187,Structure Fire,ENGINE,37.7403329887,-122.46644858239999
5765,Structure Fire,ENGINE,37.7702101749,-122.4453449892
1078,Structure Fire,TRUCK,37.7334230297,-122.482013815
1189,Structure Fire,ENGINE,37.7403329887,-122.46644858239999
4115,Structure Fire,CHIEF,37.7501075459,-122.4137792289
8721,Structure Fire,ENGINE,37.7807920803,-122.4083857455
8870,Structure Fire,ENGINE,37.782723970300005,-122.396167865
6517,Structure Fire,CHIEF,37.7777124404,-122.4127367074
8747,Structure Fire,ENGINE,37.7917690748,-122.4294268467
5782,Structure Fire,TRUCK,37.7537685477,-122.48718301209999
6429,Structure Fire,TRUCK,37.786409613800004,-122.40803623629999
2500,Structure Fire,TRUCK,37.7877867423,-122.40307088680001
1071,Structure Fire,CHIEF,37.7857402819,-122.4138042679
1395,Structure Fire,ENGINE,37.7857402819,-122.4138042679
3375,Structure Fire,ENGINE,37.7852197348,-122.40667465899999
1390,Structure Fire,CHIEF,37.7113797074,-122.45034108440001
5650,Structure Fire,ENGINE,37.7765408927,-122.4175014649
8535,Structure Fire,CHIEF,37.7808106501,-122.49009472739999
1069,Structure Fire,ENGINE,37.7857402819,-122.4138042679
3290,Structure Fire,TRUCK,37.766428605,-122.45210996360001
1389,Structure Fire,CHIEF,37.7717364636,-122.4236734117
3289,Structure Fire,MEDIC,37.766428605,-122.45210996360001
7371,Structure Fire,RESCUE CAPTAIN,37.7956493532,-122.4132086268
7310,Structure Fire,INVESTIGATION,37.7804578378,-122.4286905391
3364,Structure Fire,ENGINE,37.7501075459,-122.4137792289
3992,Structure Fire,ENGINE,37.804281564,-122.41710095040001
7359,Structure Fire,CHIEF,37.8008661593,-122.4354271774
8521,Structure Fire,ENGINE,37.782723970300005,-122.396167865
8522,Structure Fire,ENGINE,37.8078031175,-122.4190860681
7360,Structure Fire,ENGINE,37.7851285057,-122.4144553687
7455,Structure Fire,ENGINE,37.748237394,-122.4091747167
8565,Structure Fire,MEDIC,37.7917690748,-122.4294268467
1216,Structure Fire,ENGINE,37.7403329887,-122.46644858239999
1356,Structure Fire,CHIEF,37.7717364636,-122.4236734117
1081,Structure Fire,CHIEF,37.7403329887,-122.46644858239999
5755,Structure Fire,CHIEF,37.7352738344,-122.39141347030001
2497,Structure Fire,TRUCK,37.7868468973,-122.4620125818
1193,Structure Fire,CHIEF,37.7717364636,-122.4236734117
1403,Structure Fire,ENGINE,37.7726948237,-122.4221882614
2511,Structure Fire,ENGINE,37.786409613800004,-122.40803623629999
1224,Structure Fire,ENGINE,37.7790321327,-122.40184327440001
1085,Structure Fire,ENGINE,37.7857402819,-122.4138042679
6439,Structure Fire,TRUCK,37.786409613800004,-122.40803623629999
8758,Structure Fire,ENGINE,37.7219049199,-122.4546170251
1351,Structure Fire,TRUCK,37.7689033402,-122.45183913870001
1086,Structure Fire,CHIEF,37.7726948237,-122.4221882614
8855,Structure Fire,ENGINE,37.764836265700005,-122.469656988
1405,Structure Fire,ENGINE,37.7857402819,-122.4138042679
3319,Structure Fire,ENGINE,37.759027747800005,-122.4391673085
1217,Structure Fire,CHIEF,37.7655967523,-122.4477975209
2555,Structure Fire,CHIEF,37.766428605,-122.45210996360001
8564,Structure Fire,TRUCK,37.7723719321,-122.4321178771
1179,Structure Fire,ENGINE,37.7334230297,-122.482013815
8756,Structure Fire,TRUCK,37.7697978509,-122.4485788148
8716,Structure Fire,MEDIC,37.764836265700005,-122.469656988
7731,Structure Fire,CHIEF,37.783138714699994,-122.4259287399
8715,Structure Fire,TRUCK,37.764836265700005,-122.469656988
8884,Structure Fire,ENGINE,37.7808106501,-122.49009472739999
3287,Structure Fire,ENGINE,37.786409613800004,-122.40803623629999
2419,Structure Fire,TRUCK,37.7910283417,-122.420848621
1185,Structure Fire,ENGINE,37.7403329887,-122.46644858239999
1080,Structure Fire,ENGINE,37.7697978509,-122.4485788148
2510,Structure Fire,TRUCK,37.7910283417,-122.420848621
8561,Structure Fire,TRUCK,37.7807920803,-122.4083857455
